C:\Users\malavika\Desktop\cardata\IMG\center_2019_12_20_09_58_13_963.jpg,C:\Users\malavika\Desktop\cardata\IMG\left_2019_12_20_09_58_13_963.jpg,C:\Users\malavika\Desktop\cardata\IMG\right_2019_12_20_09_58_13_963.jpg,0,0,0,0.0005136353
C:\Users\malavika\Desktop\cardata\IMG\center_2019_12_20_09_58_14_080.jpg,C:\Users\malavika\Desktop\cardata\IMG\left_2019_12_20_09_58_14_080.jpg,C:\Users\malavika\Desktop\cardata\IMG\right_2019_12_20_09_58_14_080.jpg,0,0,0,0.000511331
C:\Users\malavika\Desktop\cardata\IMG\center_2019_12_20_09_58_14_186.jpg,C:\Users\malavika\Desktop\cardata\IMG\left_2019_12_20_09_58_14_186.jpg,C:\Users\malavika\Desktop\cardata\IMG\right_2019_12_20_09_58_14_186.jpg,0,0,0,0.0005123581
C:\Users\malavika\Desktop\cardata\IMG\center_2019_12_20_09_58_14_317.jpg,C:\Users\malavika\Desktop\cardata\IMG\left_2019_12_20_09_58_14_317.jpg,C:\Users\malavika\Desktop\cardata\IMG\right_2019_12_20_09_58_14_317.jpg,0,0,0,0.0005124558
C:\Users\malavika\Desktop\cardata\IMG\center_2019_12_20_09_58_14_442.jpg,C:\Users\malavika\Desktop\cardata\IMG\left_2019_12_20_09_58_14_442.jpg,C:\Users\malavika\Desktop\cardata\IMG\right_2019_12_20_09_58_14_442.jpg,0,0,0,0.0004316517
C:\Users\malavika\Desktop\cardata\IMG\center_2019_12_20_09_58_14_571.jpg,C:\Users\malavika\Desktop\cardata\IMG\left_2019_12_20_09_58_14_571.jpg,C:\Users\malavika\Desktop\cardata\IMG\right_2019_12_20_09_58_14_571.jpg,0,0,0,0.0004997782
C:\Users\malavika\Desktop\cardata\IMG\center_2019_12_20_09_58_14_703.jpg,C:\Users\malavika\Desktop\cardata\IMG\left_2019_12_20_09_58_14_703.jpg,C:\Users\malavika\Desktop\cardata\IMG\right_2019_12_20_09_58_14_703.jpg,0,0,0,0.0004440474
C:\Users\malavika\Desktop\cardata\IMG\center_2019_12_20_09_58_14_818.jpg,C:\Users\malavika\Desktop\cardata\IMG\left_2019_12_20_09_58_14_818.jpg,C:\Users\malavika\Desktop\cardata\IMG\right_2019_12_20_09_58_14_818.jpg,0,0,0,0.0004398593
C:\Users\malavika\Desktop\cardata\IMG\center_2019_12_20_09_58_14_934.jpg,C:\Users\malavika\Desktop\cardata\IMG\left_2019_12_20_09_58_14_934.jpg,C:\Users\malavika\Desktop\cardata\IMG\right_2019_12_20_09_58_14_934.jpg,0,0,0,0.0004381013
C:\Users\malavika\Desktop\cardata\IMG\center_2019_12_20_09_58_15_074.jpg,C:\Users\malavika\Desktop\cardata\IMG\left_2019_12_20_09_58_15_074.jpg,C:\Users\malavika\Desktop\cardata\IMG\right_2019_12_20_09_58_15_074.jpg,0,0,0,0.0005008991
C:\Users\malavika\Desktop\cardata\IMG\center_2019_12_20_09_58_15_192.jpg,C:\Users\malavika\Desktop\cardata\IMG\left_2019_12_20_09_58_15_192.jpg,C:\Users\malavika\Desktop\cardata\IMG\right_2019_12_20_09_58_15_192.jpg,0,0,0,0.0005101279
C:\Users\malavika\Desktop\cardata\IMG\center_2019_12_20_09_58_15_311.jpg,C:\Users\malavika\Desktop\cardata\IMG\left_2019_12_20_09_58_15_311.jpg,C:\Users\malavika\Desktop\cardata\IMG\right_2019_12_20_09_58_15_311.jpg,0,0,0,0.0004350299
C:\Users\malavika\Desktop\cardata\IMG\center_2019_12_20_09_58_15_432.jpg,C:\Users\malavika\Desktop\cardata\IMG\left_2019_12_20_09_58_15_432.jpg,C:\Users\malavika\Desktop\cardata\IMG\right_2019_12_20_09_58_15_432.jpg,0,0,0,0.0005110083
C:\Users\malavika\Desktop\cardata\IMG\center_2019_12_20_09_58_15_558.jpg,C:\Users\malavika\Desktop\cardata\IMG\left_2019_12_20_09_58_15_558.jpg,C:\Users\malavika\Desktop\cardata\IMG\right_2019_12_20_09_58_15_558.jpg,0,0,0,0.0004304025
C:\Users\malavika\Desktop\cardata\IMG\center_2019_12_20_09_58_15_680.jpg,C:\Users\malavika\Desktop\cardata\IMG\left_2019_12_20_09_58_15_680.jpg,C:\Users\malavika\Desktop\cardata\IMG\right_2019_12_20_09_58_15_680.jpg,0,0,0,0.0005104641
C:\Users\malavika\Desktop\cardata\IMG\center_2019_12_20_09_58_15_797.jpg,C:\Users\malavika\Desktop\cardata\IMG\left_2019_12_20_09_58_15_797.jpg,C:\Users\malavika\Desktop\cardata\IMG\right_2019_12_20_09_58_15_797.jpg,0,0,0,0.0004150915
C:\Users\malavika\Desktop\cardata\IMG\center_2019_12_20_09_58_15_933.jpg,C:\Users\malavika\Desktop\cardata\IMG\left_2019_12_20_09_58_15_933.jpg,C:\Users\malavika\Desktop\cardata\IMG\right_2019_12_20_09_58_15_933.jpg,0,0,0,0.0004358891
C:\Users\malavika\Desktop\cardata\IMG\center_2019_12_20_09_58_16_047.jpg,C:\Users\malavika\Desktop\cardata\IMG\left_2019_12_20_09_58_16_047.jpg,C:\Users\malavika\Desktop\cardata\IMG\right_2019_12_20_09_58_16_047.jpg,0,0,0,0.0005152994
C:\Users\malavika\Desktop\cardata\IMG\center_2019_12_20_09_58_16_175.jpg,C:\Users\malavika\Desktop\cardata\IMG\left_2019_12_20_09_58_16_175.jpg,C:\Users\malavika\Desktop\cardata\IMG\right_2019_12_20_09_58_16_175.jpg,0,0,0,0.0004390853
C:\Users\malavika\Desktop\cardata\IMG\center_2019_12_20_09_58_16_306.jpg,C:\Users\malavika\Desktop\cardata\IMG\left_2019_12_20_09_58_16_306.jpg,C:\Users\malavika\Desktop\cardata\IMG\right_2019_12_20_09_58_16_306.jpg,0,0,0,0.0005007868
C:\Users\malavika\Desktop\cardata\IMG\center_2019_12_20_09_58_16_420.jpg,C:\Users\malavika\Desktop\cardata\IMG\left_2019_12_20_09_58_16_420.jpg,C:\Users\malavika\Desktop\cardata\IMG\right_2019_12_20_09_58_16_420.jpg,0,0,0,0.0005108026
C:\Users\malavika\Desktop\cardata\IMG\center_2019_12_20_09_58_16_546.jpg,C:\Users\malavika\Desktop\cardata\IMG\left_2019_12_20_09_58_16_546.jpg,C:\Users\malavika\Desktop\cardata\IMG\right_2019_12_20_09_58_16_546.jpg,0,0,0,0.0005029396
C:\Users\malavika\Desktop\cardata\IMG\center_2019_12_20_09_58_16_675.jpg,C:\Users\malavika\Desktop\cardata\IMG\left_2019_12_20_09_58_16_675.jpg,C:\Users\malavika\Desktop\cardata\IMG\right_2019_12_20_09_58_16_675.jpg,0,0,0,0.0004348647
C:\Users\malavika\Desktop\cardata\IMG\center_2019_12_20_09_58_16_797.jpg,C:\Users\malavika\Desktop\cardata\IMG\left_2019_12_20_09_58_16_797.jpg,C:\Users\malavika\Desktop\cardata\IMG\right_2019_12_20_09_58_16_797.jpg,0,0,0,0.0005109179
C:\Users\malavika\Desktop\cardata\IMG\center_2019_12_20_09_58_16_916.jpg,C:\Users\malavika\Desktop\cardata\IMG\left_2019_12_20_09_58_16_916.jpg,C:\Users\malavika\Desktop\cardata\IMG\right_2019_12_20_09_58_16_916.jpg,0,0,0,0.0005098938
C:\Users\malavika\Desktop\cardata\IMG\center_2019_12_20_09_58_17_039.jpg,C:\Users\malavika\Desktop\cardata\IMG\left_2019_12_20_09_58_17_039.jpg,C:\Users\malavika\Desktop\cardata\IMG\right_2019_12_20_09_58_17_039.jpg,0,0,0,0.0004342479
C:\Users\malavika\Desktop\cardata\IMG\center_2019_12_20_09_58_17_172.jpg,C:\Users\malavika\Desktop\cardata\IMG\left_2019_12_20_09_58_17_172.jpg,C:\Users\malavika\Desktop\cardata\IMG\right_2019_12_20_09_58_17_172.jpg,0,0,0,0.0005010177
C:\Users\malavika\Desktop\cardata\IMG\center_2019_12_20_09_58_17_273.jpg,C:\Users\malavika\Desktop\cardata\IMG\left_2019_12_20_09_58_17_273.jpg,C:\Users\malavika\Desktop\cardata\IMG\right_2019_12_20_09_58_17_273.jpg,0,0,0,0.0004396075
C:\Users\malavika\Desktop\cardata\IMG\center_2019_12_20_09_58_17_397.jpg,C:\Users\malavika\Desktop\cardata\IMG\left_2019_12_20_09_58_17_397.jpg,C:\Users\malavika\Desktop\cardata\IMG\right_2019_12_20_09_58_17_397.jpg,0,0,0,0.0004238311
C:\Users\malavika\Desktop\cardata\IMG\center_2019_12_20_09_58_17_524.jpg,C:\Users\malavika\Desktop\cardata\IMG\left_2019_12_20_09_58_17_524.jpg,C:\Users\malavika\Desktop\cardata\IMG\right_2019_12_20_09_58_17_524.jpg,0,0,0,0.000431624
C:\Users\malavika\Desktop\cardata\IMG\center_2019_12_20_09_58_17_649.jpg,C:\Users\malavika\Desktop\cardata\IMG\left_2019_12_20_09_58_17_649.jpg,C:\Users\malavika\Desktop\cardata\IMG\right_2019_12_20_09_58_17_649.jpg,0,0,0,0.0005112482
C:\Users\malavika\Desktop\cardata\IMG\center_2019_12_20_09_58_17_767.jpg,C:\Users\malavika\Desktop\cardata\IMG\left_2019_12_20_09_58_17_767.jpg,C:\Users\malavika\Desktop\cardata\IMG\right_2019_12_20_09_58_17_767.jpg,0,0,0,0.0004991742
C:\Users\malavika\Desktop\cardata\IMG\center_2019_12_20_09_58_17_901.jpg,C:\Users\malavika\Desktop\cardata\IMG\left_2019_12_20_09_58_17_901.jpg,C:\Users\malavika\Desktop\cardata\IMG\right_2019_12_20_09_58_17_901.jpg,0,0,0,0.000434874
C:\Users\malavika\Desktop\cardata\IMG\center_2019_12_20_09_58_18_010.jpg,C:\Users\malavika\Desktop\cardata\IMG\left_2019_12_20_09_58_18_010.jpg,C:\Users\malavika\Desktop\cardata\IMG\right_2019_12_20_09_58_18_010.jpg,0,0,0,0.0005052833
C:\Users\malavika\Desktop\cardata\IMG\center_2019_12_20_09_58_18_139.jpg,C:\Users\malavika\Desktop\cardata\IMG\left_2019_12_20_09_58_18_139.jpg,C:\Users\malavika\Desktop\cardata\IMG\right_2019_12_20_09_58_18_139.jpg,0,0,0,0.0005103368
C:\Users\malavika\Desktop\cardata\IMG\center_2019_12_20_09_58_18_248.jpg,C:\Users\malavika\Desktop\cardata\IMG\left_2019_12_20_09_58_18_248.jpg,C:\Users\malavika\Desktop\cardata\IMG\right_2019_12_20_09_58_18_248.jpg,0,0,0,0.0005120409
C:\Users\malavika\Desktop\cardata\IMG\center_2019_12_20_09_58_18_367.jpg,C:\Users\malavika\Desktop\cardata\IMG\left_2019_12_20_09_58_18_367.jpg,C:\Users\malavika\Desktop\cardata\IMG\right_2019_12_20_09_58_18_367.jpg,0,0,0,0.0005006099
C:\Users\malavika\Desktop\cardata\IMG\center_2019_12_20_09_58_18_482.jpg,C:\Users\malavika\Desktop\cardata\IMG\left_2019_12_20_09_58_18_482.jpg,C:\Users\malavika\Desktop\cardata\IMG\right_2019_12_20_09_58_18_482.jpg,0,0,0,0.0004292915
C:\Users\malavika\Desktop\cardata\IMG\center_2019_12_20_09_58_18_588.jpg,C:\Users\malavika\Desktop\cardata\IMG\left_2019_12_20_09_58_18_588.jpg,C:\Users\malavika\Desktop\cardata\IMG\right_2019_12_20_09_58_18_588.jpg,0,0,0,0.0005111909
C:\Users\malavika\Desktop\cardata\IMG\center_2019_12_20_09_58_18_722.jpg,C:\Users\malavika\Desktop\cardata\IMG\left_2019_12_20_09_58_18_722.jpg,C:\Users\malavika\Desktop\cardata\IMG\right_2019_12_20_09_58_18_722.jpg,0,0,0,0.0004293186
C:\Users\malavika\Desktop\cardata\IMG\center_2019_12_20_09_58_18_851.jpg,C:\Users\malavika\Desktop\cardata\IMG\left_2019_12_20_09_58_18_851.jpg,C:\Users\malavika\Desktop\cardata\IMG\right_2019_12_20_09_58_18_851.jpg,0,0,0,0.0004325733
C:\Users\malavika\Desktop\cardata\IMG\center_2019_12_20_09_58_18_977.jpg,C:\Users\malavika\Desktop\cardata\IMG\left_2019_12_20_09_58_18_977.jpg,C:\Users\malavika\Desktop\cardata\IMG\right_2019_12_20_09_58_18_977.jpg,0,0,0,0.0005137146
C:\Users\malavika\Desktop\cardata\IMG\center_2019_12_20_09_58_19_102.jpg,C:\Users\malavika\Desktop\cardata\IMG\left_2019_12_20_09_58_19_102.jpg,C:\Users\malavika\Desktop\cardata\IMG\right_2019_12_20_09_58_19_102.jpg,0,0,0,0.0005102783
C:\Users\malavika\Desktop\cardata\IMG\center_2019_12_20_09_59_08_847.jpg,C:\Users\malavika\Desktop\cardata\IMG\left_2019_12_20_09_59_08_847.jpg,C:\Users\malavika\Desktop\cardata\IMG\right_2019_12_20_09_59_08_847.jpg,0,0,0,0.0002977125
C:\Users\malavika\Desktop\cardata\IMG\center_2019_12_20_09_59_08_966.jpg,C:\Users\malavika\Desktop\cardata\IMG\left_2019_12_20_09_59_08_966.jpg,C:\Users\malavika\Desktop\cardata\IMG\right_2019_12_20_09_59_08_966.jpg,0,0,0,0.0003790182
C:\Users\malavika\Desktop\cardata\IMG\center_2019_12_20_09_59_09_082.jpg,C:\Users\malavika\Desktop\cardata\IMG\left_2019_12_20_09_59_09_082.jpg,C:\Users\malavika\Desktop\cardata\IMG\right_2019_12_20_09_59_09_082.jpg,0,0,0,0.0003295978
C:\Users\malavika\Desktop\cardata\IMG\center_2019_12_20_09_59_09_197.jpg,C:\Users\malavika\Desktop\cardata\IMG\left_2019_12_20_09_59_09_197.jpg,C:\Users\malavika\Desktop\cardata\IMG\right_2019_12_20_09_59_09_197.jpg,0,0,0,0.0003684509
C:\Users\malavika\Desktop\cardata\IMG\center_2019_12_20_09_59_09_313.jpg,C:\Users\malavika\Desktop\cardata\IMG\left_2019_12_20_09_59_09_313.jpg,C:\Users\malavika\Desktop\cardata\IMG\right_2019_12_20_09_59_09_313.jpg,0,0,0,0.0003483721
C:\Users\malavika\Desktop\cardata\IMG\center_2019_12_20_09_59_09_426.jpg,C:\Users\malavika\Desktop\cardata\IMG\left_2019_12_20_09_59_09_426.jpg,C:\Users\malavika\Desktop\cardata\IMG\right_2019_12_20_09_59_09_426.jpg,0,0,0,0.0003538106
C:\Users\malavika\Desktop\cardata\IMG\center_2019_12_20_09_59_09_551.jpg,C:\Users\malavika\Desktop\cardata\IMG\left_2019_12_20_09_59_09_551.jpg,C:\Users\malavika\Desktop\cardata\IMG\right_2019_12_20_09_59_09_551.jpg,0,0,0,0.0003542537
C:\Users\malavika\Desktop\cardata\IMG\center_2019_12_20_09_59_09_655.jpg,C:\Users\malavika\Desktop\cardata\IMG\left_2019_12_20_09_59_09_655.jpg,C:\Users\malavika\Desktop\cardata\IMG\right_2019_12_20_09_59_09_655.jpg,0,0,0,0.0003421305
C:\Users\malavika\Desktop\cardata\IMG\center_2019_12_20_09_59_09_771.jpg,C:\Users\malavika\Desktop\cardata\IMG\left_2019_12_20_09_59_09_771.jpg,C:\Users\malavika\Desktop\cardata\IMG\right_2019_12_20_09_59_09_771.jpg,0,0,0,0.0003509381
C:\Users\malavika\Desktop\cardata\IMG\center_2019_12_20_09_59_09_889.jpg,C:\Users\malavika\Desktop\cardata\IMG\left_2019_12_20_09_59_09_889.jpg,C:\Users\malavika\Desktop\cardata\IMG\right_2019_12_20_09_59_09_889.jpg,0,0,0,0.0003446199
C:\Users\malavika\Desktop\cardata\IMG\center_2019_12_20_09_59_10_005.jpg,C:\Users\malavika\Desktop\cardata\IMG\left_2019_12_20_09_59_10_005.jpg,C:\Users\malavika\Desktop\cardata\IMG\right_2019_12_20_09_59_10_005.jpg,0,0,0,0.0002925386
C:\Users\malavika\Desktop\cardata\IMG\center_2019_12_20_09_59_10_120.jpg,C:\Users\malavika\Desktop\cardata\IMG\left_2019_12_20_09_59_10_120.jpg,C:\Users\malavika\Desktop\cardata\IMG\right_2019_12_20_09_59_10_120.jpg,0,0,0,0.0005388905
C:\Users\malavika\Desktop\cardata\IMG\center_2019_12_20_09_59_10_244.jpg,C:\Users\malavika\Desktop\cardata\IMG\left_2019_12_20_09_59_10_244.jpg,C:\Users\malavika\Desktop\cardata\IMG\right_2019_12_20_09_59_10_244.jpg,0,0,0,0.0003488009
C:\Users\malavika\Desktop\cardata\IMG\center_2019_12_20_09_59_10_356.jpg,C:\Users\malavika\Desktop\cardata\IMG\left_2019_12_20_09_59_10_356.jpg,C:\Users\malavika\Desktop\cardata\IMG\right_2019_12_20_09_59_10_356.jpg,0,0,0,0.0003632249
C:\Users\malavika\Desktop\cardata\IMG\center_2019_12_20_09_59_10_471.jpg,C:\Users\malavika\Desktop\cardata\IMG\left_2019_12_20_09_59_10_471.jpg,C:\Users\malavika\Desktop\cardata\IMG\right_2019_12_20_09_59_10_471.jpg,0,0,0,0.0003236364
C:\Users\malavika\Desktop\cardata\IMG\center_2019_12_20_09_59_10_589.jpg,C:\Users\malavika\Desktop\cardata\IMG\left_2019_12_20_09_59_10_589.jpg,C:\Users\malavika\Desktop\cardata\IMG\right_2019_12_20_09_59_10_589.jpg,0,0,0,0.0003111968
C:\Users\malavika\Desktop\cardata\IMG\center_2019_12_20_09_59_10_704.jpg,C:\Users\malavika\Desktop\cardata\IMG\left_2019_12_20_09_59_10_704.jpg,C:\Users\malavika\Desktop\cardata\IMG\right_2019_12_20_09_59_10_704.jpg,0,0,0,0.0003864594
C:\Users\malavika\Desktop\cardata\IMG\center_2019_12_20_09_59_10_828.jpg,C:\Users\malavika\Desktop\cardata\IMG\left_2019_12_20_09_59_10_828.jpg,C:\Users\malavika\Desktop\cardata\IMG\right_2019_12_20_09_59_10_828.jpg,0,0,0,0.0003554701
C:\Users\malavika\Desktop\cardata\IMG\center_2019_12_20_09_59_10_947.jpg,C:\Users\malavika\Desktop\cardata\IMG\left_2019_12_20_09_59_10_947.jpg,C:\Users\malavika\Desktop\cardata\IMG\right_2019_12_20_09_59_10_947.jpg,0,0,0,0.0003382857
C:\Users\malavika\Desktop\cardata\IMG\center_2019_12_20_09_59_11_052.jpg,C:\Users\malavika\Desktop\cardata\IMG\left_2019_12_20_09_59_11_052.jpg,C:\Users\malavika\Desktop\cardata\IMG\right_2019_12_20_09_59_11_052.jpg,0,0,0,0.0003683
C:\Users\malavika\Desktop\cardata\IMG\center_2019_12_20_09_59_11_172.jpg,C:\Users\malavika\Desktop\cardata\IMG\left_2019_12_20_09_59_11_172.jpg,C:\Users\malavika\Desktop\cardata\IMG\right_2019_12_20_09_59_11_172.jpg,0,0,0,0.0003848397
C:\Users\malavika\Desktop\cardata\IMG\center_2019_12_20_09_59_11_290.jpg,C:\Users\malavika\Desktop\cardata\IMG\left_2019_12_20_09_59_11_290.jpg,C:\Users\malavika\Desktop\cardata\IMG\right_2019_12_20_09_59_11_290.jpg,0,0,0,0.0002310473
C:\Users\malavika\Desktop\cardata\IMG\center_2019_12_20_09_59_11_405.jpg,C:\Users\malavika\Desktop\cardata\IMG\left_2019_12_20_09_59_11_405.jpg,C:\Users\malavika\Desktop\cardata\IMG\right_2019_12_20_09_59_11_405.jpg,0,0,0,0.0002901305
C:\Users\malavika\Desktop\cardata\IMG\center_2019_12_20_09_59_11_515.jpg,C:\Users\malavika\Desktop\cardata\IMG\left_2019_12_20_09_59_11_515.jpg,C:\Users\malavika\Desktop\cardata\IMG\right_2019_12_20_09_59_11_515.jpg,0,0,0,0.0004237811
C:\Users\malavika\Desktop\cardata\IMG\center_2019_12_20_09_59_11_635.jpg,C:\Users\malavika\Desktop\cardata\IMG\left_2019_12_20_09_59_11_635.jpg,C:\Users\malavika\Desktop\cardata\IMG\right_2019_12_20_09_59_11_635.jpg,0,0,0,0.0002948687
C:\Users\malavika\Desktop\cardata\IMG\center_2019_12_20_09_59_11_753.jpg,C:\Users\malavika\Desktop\cardata\IMG\left_2019_12_20_09_59_11_753.jpg,C:\Users\malavika\Desktop\cardata\IMG\right_2019_12_20_09_59_11_753.jpg,0,0,0,0.0002111385
C:\Users\malavika\Desktop\cardata\IMG\center_2019_12_20_09_59_11_872.jpg,C:\Users\malavika\Desktop\cardata\IMG\left_2019_12_20_09_59_11_872.jpg,C:\Users\malavika\Desktop\cardata\IMG\right_2019_12_20_09_59_11_872.jpg,0,0,0,0.000330782
C:\Users\malavika\Desktop\cardata\IMG\center_2019_12_20_09_59_11_992.jpg,C:\Users\malavika\Desktop\cardata\IMG\left_2019_12_20_09_59_11_992.jpg,C:\Users\malavika\Desktop\cardata\IMG\right_2019_12_20_09_59_11_992.jpg,0,0,0,0.0003482905
C:\Users\malavika\Desktop\cardata\IMG\center_2019_12_20_09_59_12_101.jpg,C:\Users\malavika\Desktop\cardata\IMG\left_2019_12_20_09_59_12_101.jpg,C:\Users\malavika\Desktop\cardata\IMG\right_2019_12_20_09_59_12_101.jpg,0,0,0,0.000351152
C:\Users\malavika\Desktop\cardata\IMG\center_2019_12_20_09_59_12_216.jpg,C:\Users\malavika\Desktop\cardata\IMG\left_2019_12_20_09_59_12_216.jpg,C:\Users\malavika\Desktop\cardata\IMG\right_2019_12_20_09_59_12_216.jpg,0,0,0,0.000360097
C:\Users\malavika\Desktop\cardata\IMG\center_2019_12_20_09_59_12_330.jpg,C:\Users\malavika\Desktop\cardata\IMG\left_2019_12_20_09_59_12_330.jpg,C:\Users\malavika\Desktop\cardata\IMG\right_2019_12_20_09_59_12_330.jpg,0,0,0,0.0004227183
C:\Users\malavika\Desktop\cardata\IMG\center_2019_12_20_09_59_12_443.jpg,C:\Users\malavika\Desktop\cardata\IMG\left_2019_12_20_09_59_12_443.jpg,C:\Users\malavika\Desktop\cardata\IMG\right_2019_12_20_09_59_12_443.jpg,0,0,0,0.0003321864
C:\Users\malavika\Desktop\cardata\IMG\center_2019_12_20_09_59_12_574.jpg,C:\Users\malavika\Desktop\cardata\IMG\left_2019_12_20_09_59_12_574.jpg,C:\Users\malavika\Desktop\cardata\IMG\right_2019_12_20_09_59_12_574.jpg,0,0,0,0.0003814956
C:\Users\malavika\Desktop\cardata\IMG\center_2019_12_20_09_59_12_683.jpg,C:\Users\malavika\Desktop\cardata\IMG\left_2019_12_20_09_59_12_683.jpg,C:\Users\malavika\Desktop\cardata\IMG\right_2019_12_20_09_59_12_683.jpg,0,0.3223873,0,0.003426056
C:\Users\malavika\Desktop\cardata\IMG\center_2019_12_20_09_59_12_826.jpg,C:\Users\malavika\Desktop\cardata\IMG\left_2019_12_20_09_59_12_826.jpg,C:\Users\malavika\Desktop\cardata\IMG\right_2019_12_20_09_59_12_826.jpg,0,0.659388,0,0.002148547
C:\Users\malavika\Desktop\cardata\IMG\center_2019_12_20_09_59_12_942.jpg,C:\Users\malavika\Desktop\cardata\IMG\left_2019_12_20_09_59_12_942.jpg,C:\Users\malavika\Desktop\cardata\IMG\right_2019_12_20_09_59_12_942.jpg,0,1,0,0.0003381864
C:\Users\malavika\Desktop\cardata\IMG\center_2019_12_20_09_59_13_059.jpg,C:\Users\malavika\Desktop\cardata\IMG\left_2019_12_20_09_59_13_059.jpg,C:\Users\malavika\Desktop\cardata\IMG\right_2019_12_20_09_59_13_059.jpg,0,1,0,0.0004205377
C:\Users\malavika\Desktop\cardata\IMG\center_2019_12_20_10_06_14_485.jpg,C:\Users\malavika\Desktop\cardata\IMG\left_2019_12_20_10_06_14_485.jpg,C:\Users\malavika\Desktop\cardata\IMG\right_2019_12_20_10_06_14_485.jpg,0,0,0,0.0007347332
C:\Users\malavika\Desktop\cardata\IMG\center_2019_12_20_10_06_14_555.jpg,C:\Users\malavika\Desktop\cardata\IMG\left_2019_12_20_10_06_14_555.jpg,C:\Users\malavika\Desktop\cardata\IMG\right_2019_12_20_10_06_14_555.jpg,0,0,0,0.0006512101
C:\Users\malavika\Desktop\cardata\IMG\center_2019_12_20_10_06_14_653.jpg,C:\Users\malavika\Desktop\cardata\IMG\left_2019_12_20_10_06_14_653.jpg,C:\Users\malavika\Desktop\cardata\IMG\right_2019_12_20_10_06_14_653.jpg,0,0,0,0.001059827
C:\Users\malavika\Desktop\cardata\IMG\center_2019_12_20_10_06_14_756.jpg,C:\Users\malavika\Desktop\cardata\IMG\left_2019_12_20_10_06_14_756.jpg,C:\Users\malavika\Desktop\cardata\IMG\right_2019_12_20_10_06_14_756.jpg,0,0,0,0.001039593
C:\Users\malavika\Desktop\cardata\IMG\center_2019_12_20_10_06_14_843.jpg,C:\Users\malavika\Desktop\cardata\IMG\left_2019_12_20_10_06_14_843.jpg,C:\Users\malavika\Desktop\cardata\IMG\right_2019_12_20_10_06_14_843.jpg,0,0,0,0.0006851697
C:\Users\malavika\Desktop\cardata\IMG\center_2019_12_20_10_06_14_940.jpg,C:\Users\malavika\Desktop\cardata\IMG\left_2019_12_20_10_06_14_940.jpg,C:\Users\malavika\Desktop\cardata\IMG\right_2019_12_20_10_06_14_940.jpg,0,0,0,0.000798335
C:\Users\malavika\Desktop\cardata\IMG\center_2019_12_20_10_06_15_034.jpg,C:\Users\malavika\Desktop\cardata\IMG\left_2019_12_20_10_06_15_034.jpg,C:\Users\malavika\Desktop\cardata\IMG\right_2019_12_20_10_06_15_034.jpg,0,0,0,0.001217286
C:\Users\malavika\Desktop\cardata\IMG\center_2019_12_20_10_06_15_130.jpg,C:\Users\malavika\Desktop\cardata\IMG\left_2019_12_20_10_06_15_130.jpg,C:\Users\malavika\Desktop\cardata\IMG\right_2019_12_20_10_06_15_130.jpg,0,0,0,0.0007659461
C:\Users\malavika\Desktop\cardata\IMG\center_2019_12_20_10_06_15_228.jpg,C:\Users\malavika\Desktop\cardata\IMG\left_2019_12_20_10_06_15_228.jpg,C:\Users\malavika\Desktop\cardata\IMG\right_2019_12_20_10_06_15_228.jpg,0,0,0,0.00130316
C:\Users\malavika\Desktop\cardata\IMG\center_2019_12_20_10_06_15_317.jpg,C:\Users\malavika\Desktop\cardata\IMG\left_2019_12_20_10_06_15_317.jpg,C:\Users\malavika\Desktop\cardata\IMG\right_2019_12_20_10_06_15_317.jpg,0,0,0,0.001240496
C:\Users\malavika\Desktop\cardata\IMG\center_2019_12_20_10_06_15_415.jpg,C:\Users\malavika\Desktop\cardata\IMG\left_2019_12_20_10_06_15_415.jpg,C:\Users\malavika\Desktop\cardata\IMG\right_2019_12_20_10_06_15_415.jpg,0,0,0,0.0008515473
C:\Users\malavika\Desktop\cardata\IMG\center_2019_12_20_10_06_15_513.jpg,C:\Users\malavika\Desktop\cardata\IMG\left_2019_12_20_10_06_15_513.jpg,C:\Users\malavika\Desktop\cardata\IMG\right_2019_12_20_10_06_15_513.jpg,0,0,0,0.0006855651
C:\Users\malavika\Desktop\cardata\IMG\center_2019_12_20_10_06_15_604.jpg,C:\Users\malavika\Desktop\cardata\IMG\left_2019_12_20_10_06_15_604.jpg,C:\Users\malavika\Desktop\cardata\IMG\right_2019_12_20_10_06_15_604.jpg,0,0,0,0.0008263067
C:\Users\malavika\Desktop\cardata\IMG\center_2019_12_20_10_06_15_700.jpg,C:\Users\malavika\Desktop\cardata\IMG\left_2019_12_20_10_06_15_700.jpg,C:\Users\malavika\Desktop\cardata\IMG\right_2019_12_20_10_06_15_700.jpg,0,0,0,0.0008069925
C:\Users\malavika\Desktop\cardata\IMG\center_2019_12_20_10_06_15_806.jpg,C:\Users\malavika\Desktop\cardata\IMG\left_2019_12_20_10_06_15_806.jpg,C:\Users\malavika\Desktop\cardata\IMG\right_2019_12_20_10_06_15_806.jpg,0,0,0,0.0008336789
C:\Users\malavika\Desktop\cardata\IMG\center_2019_12_20_10_06_15_891.jpg,C:\Users\malavika\Desktop\cardata\IMG\left_2019_12_20_10_06_15_891.jpg,C:\Users\malavika\Desktop\cardata\IMG\right_2019_12_20_10_06_15_891.jpg,0,0,0,0.0009323813
C:\Users\malavika\Desktop\cardata\IMG\center_2019_12_20_10_06_15_988.jpg,C:\Users\malavika\Desktop\cardata\IMG\left_2019_12_20_10_06_15_988.jpg,C:\Users\malavika\Desktop\cardata\IMG\right_2019_12_20_10_06_15_988.jpg,0,0,0,0.0008304559
C:\Users\malavika\Desktop\cardata\IMG\center_2019_12_20_10_06_16_085.jpg,C:\Users\malavika\Desktop\cardata\IMG\left_2019_12_20_10_06_16_085.jpg,C:\Users\malavika\Desktop\cardata\IMG\right_2019_12_20_10_06_16_085.jpg,0,0,0,0.001418572
C:\Users\malavika\Desktop\cardata\IMG\center_2019_12_20_10_06_16_178.jpg,C:\Users\malavika\Desktop\cardata\IMG\left_2019_12_20_10_06_16_178.jpg,C:\Users\malavika\Desktop\cardata\IMG\right_2019_12_20_10_06_16_178.jpg,0,0,0,0.0008574326
C:\Users\malavika\Desktop\cardata\IMG\center_2019_12_20_10_06_16_276.jpg,C:\Users\malavika\Desktop\cardata\IMG\left_2019_12_20_10_06_16_276.jpg,C:\Users\malavika\Desktop\cardata\IMG\right_2019_12_20_10_06_16_276.jpg,0,0,0,0.0009776712
C:\Users\malavika\Desktop\cardata\IMG\center_2019_12_20_10_06_16_372.jpg,C:\Users\malavika\Desktop\cardata\IMG\left_2019_12_20_10_06_16_372.jpg,C:\Users\malavika\Desktop\cardata\IMG\right_2019_12_20_10_06_16_372.jpg,0,0,0,0.0009065677
C:\Users\malavika\Desktop\cardata\IMG\center_2019_12_20_10_06_16_469.jpg,C:\Users\malavika\Desktop\cardata\IMG\left_2019_12_20_10_06_16_469.jpg,C:\Users\malavika\Desktop\cardata\IMG\right_2019_12_20_10_06_16_469.jpg,0,0,0,0.0008715019
C:\Users\malavika\Desktop\cardata\IMG\center_2019_12_20_10_06_16_559.jpg,C:\Users\malavika\Desktop\cardata\IMG\left_2019_12_20_10_06_16_559.jpg,C:\Users\malavika\Desktop\cardata\IMG\right_2019_12_20_10_06_16_559.jpg,0,0,0,0.0009264234
C:\Users\malavika\Desktop\cardata\IMG\center_2019_12_20_10_06_16_653.jpg,C:\Users\malavika\Desktop\cardata\IMG\left_2019_12_20_10_06_16_653.jpg,C:\Users\malavika\Desktop\cardata\IMG\right_2019_12_20_10_06_16_653.jpg,0,0,0,0.0009193159
C:\Users\malavika\Desktop\cardata\IMG\center_2019_12_20_10_06_16_751.jpg,C:\Users\malavika\Desktop\cardata\IMG\left_2019_12_20_10_06_16_751.jpg,C:\Users\malavika\Desktop\cardata\IMG\right_2019_12_20_10_06_16_751.jpg,0,0,0,0.0009172044
C:\Users\malavika\Desktop\cardata\IMG\center_2019_12_20_10_06_16_852.jpg,C:\Users\malavika\Desktop\cardata\IMG\left_2019_12_20_10_06_16_852.jpg,C:\Users\malavika\Desktop\cardata\IMG\right_2019_12_20_10_06_16_852.jpg,0,0,0,0.0009038239
C:\Users\malavika\Desktop\cardata\IMG\center_2019_12_20_10_06_16_943.jpg,C:\Users\malavika\Desktop\cardata\IMG\left_2019_12_20_10_06_16_943.jpg,C:\Users\malavika\Desktop\cardata\IMG\right_2019_12_20_10_06_16_943.jpg,0,0,0,0.0009100901
C:\Users\malavika\Desktop\cardata\IMG\center_2019_12_20_10_06_17_045.jpg,C:\Users\malavika\Desktop\cardata\IMG\left_2019_12_20_10_06_17_045.jpg,C:\Users\malavika\Desktop\cardata\IMG\right_2019_12_20_10_06_17_045.jpg,0,0,0,0.0008625562
C:\Users\malavika\Desktop\cardata\IMG\center_2019_12_20_10_06_17_132.jpg,C:\Users\malavika\Desktop\cardata\IMG\left_2019_12_20_10_06_17_132.jpg,C:\Users\malavika\Desktop\cardata\IMG\right_2019_12_20_10_06_17_132.jpg,0,0,0,0.0009582786
C:\Users\malavika\Desktop\cardata\IMG\center_2019_12_20_10_06_17_228.jpg,C:\Users\malavika\Desktop\cardata\IMG\left_2019_12_20_10_06_17_228.jpg,C:\Users\malavika\Desktop\cardata\IMG\right_2019_12_20_10_06_17_228.jpg,0,0,0,0.0008793253
C:\Users\malavika\Desktop\cardata\IMG\center_2019_12_20_10_06_17_337.jpg,C:\Users\malavika\Desktop\cardata\IMG\left_2019_12_20_10_06_17_337.jpg,C:\Users\malavika\Desktop\cardata\IMG\right_2019_12_20_10_06_17_337.jpg,0,0,0,0.0009540558
C:\Users\malavika\Desktop\cardata\IMG\center_2019_12_20_10_06_17_421.jpg,C:\Users\malavika\Desktop\cardata\IMG\left_2019_12_20_10_06_17_421.jpg,C:\Users\malavika\Desktop\cardata\IMG\right_2019_12_20_10_06_17_421.jpg,0,0,0,0.001022905
C:\Users\malavika\Desktop\cardata\IMG\center_2019_12_20_10_06_17_518.jpg,C:\Users\malavika\Desktop\cardata\IMG\left_2019_12_20_10_06_17_518.jpg,C:\Users\malavika\Desktop\cardata\IMG\right_2019_12_20_10_06_17_518.jpg,0,0,0,0.0009348444
C:\Users\malavika\Desktop\cardata\IMG\center_2019_12_20_10_06_17_614.jpg,C:\Users\malavika\Desktop\cardata\IMG\left_2019_12_20_10_06_17_614.jpg,C:\Users\malavika\Desktop\cardata\IMG\right_2019_12_20_10_06_17_614.jpg,0,0,0,0.0009707326
C:\Users\malavika\Desktop\cardata\IMG\center_2019_12_20_10_06_17_709.jpg,C:\Users\malavika\Desktop\cardata\IMG\left_2019_12_20_10_06_17_709.jpg,C:\Users\malavika\Desktop\cardata\IMG\right_2019_12_20_10_06_17_709.jpg,0,0,0,0.000960201
C:\Users\malavika\Desktop\cardata\IMG\center_2019_12_20_10_06_17_808.jpg,C:\Users\malavika\Desktop\cardata\IMG\left_2019_12_20_10_06_17_808.jpg,C:\Users\malavika\Desktop\cardata\IMG\right_2019_12_20_10_06_17_808.jpg,0,0,0,0.0009990499
C:\Users\malavika\Desktop\cardata\IMG\center_2019_12_20_10_06_17_906.jpg,C:\Users\malavika\Desktop\cardata\IMG\left_2019_12_20_10_06_17_906.jpg,C:\Users\malavika\Desktop\cardata\IMG\right_2019_12_20_10_06_17_906.jpg,0,0,0,0.0009011078
C:\Users\malavika\Desktop\cardata\IMG\center_2019_12_20_10_06_17_995.jpg,C:\Users\malavika\Desktop\cardata\IMG\left_2019_12_20_10_06_17_995.jpg,C:\Users\malavika\Desktop\cardata\IMG\right_2019_12_20_10_06_17_995.jpg,0,0,0,0.0005886997
C:\Users\malavika\Desktop\cardata\IMG\center_2019_12_20_10_06_18_090.jpg,C:\Users\malavika\Desktop\cardata\IMG\left_2019_12_20_10_06_18_090.jpg,C:\Users\malavika\Desktop\cardata\IMG\right_2019_12_20_10_06_18_090.jpg,0,0,0,0.001068901
C:\Users\malavika\Desktop\cardata\IMG\center_2019_12_20_10_06_18_184.jpg,C:\Users\malavika\Desktop\cardata\IMG\left_2019_12_20_10_06_18_184.jpg,C:\Users\malavika\Desktop\cardata\IMG\right_2019_12_20_10_06_18_184.jpg,0,0,0,0.0007685135
C:\Users\malavika\Desktop\cardata\IMG\center_2019_12_20_10_06_18_277.jpg,C:\Users\malavika\Desktop\cardata\IMG\left_2019_12_20_10_06_18_277.jpg,C:\Users\malavika\Desktop\cardata\IMG\right_2019_12_20_10_06_18_277.jpg,0,0,0,0.001032597
C:\Users\malavika\Desktop\cardata\IMG\center_2019_12_20_10_06_18_375.jpg,C:\Users\malavika\Desktop\cardata\IMG\left_2019_12_20_10_06_18_375.jpg,C:\Users\malavika\Desktop\cardata\IMG\right_2019_12_20_10_06_18_375.jpg,0,0,0,0.0009296068
C:\Users\malavika\Desktop\cardata\IMG\center_2019_12_20_10_06_18_478.jpg,C:\Users\malavika\Desktop\cardata\IMG\left_2019_12_20_10_06_18_478.jpg,C:\Users\malavika\Desktop\cardata\IMG\right_2019_12_20_10_06_18_478.jpg,0,0,0,0.0009791038
C:\Users\malavika\Desktop\cardata\IMG\center_2019_12_20_10_06_18_568.jpg,C:\Users\malavika\Desktop\cardata\IMG\left_2019_12_20_10_06_18_568.jpg,C:\Users\malavika\Desktop\cardata\IMG\right_2019_12_20_10_06_18_568.jpg,0,0,0,0.0009565761
C:\Users\malavika\Desktop\cardata\IMG\center_2019_12_20_10_06_18_665.jpg,C:\Users\malavika\Desktop\cardata\IMG\left_2019_12_20_10_06_18_665.jpg,C:\Users\malavika\Desktop\cardata\IMG\right_2019_12_20_10_06_18_665.jpg,0,0,0,0.0006391939
C:\Users\malavika\Desktop\cardata\IMG\center_2019_12_20_10_06_18_755.jpg,C:\Users\malavika\Desktop\cardata\IMG\left_2019_12_20_10_06_18_755.jpg,C:\Users\malavika\Desktop\cardata\IMG\right_2019_12_20_10_06_18_755.jpg,0,0,0,0.001125587
C:\Users\malavika\Desktop\cardata\IMG\center_2019_12_20_10_06_18_860.jpg,C:\Users\malavika\Desktop\cardata\IMG\left_2019_12_20_10_06_18_860.jpg,C:\Users\malavika\Desktop\cardata\IMG\right_2019_12_20_10_06_18_860.jpg,0,0,0,0.001159842
C:\Users\malavika\Desktop\cardata\IMG\center_2019_12_20_10_06_18_947.jpg,C:\Users\malavika\Desktop\cardata\IMG\left_2019_12_20_10_06_18_947.jpg,C:\Users\malavika\Desktop\cardata\IMG\right_2019_12_20_10_06_18_947.jpg,0,0,0,0.0009889696
C:\Users\malavika\Desktop\cardata\IMG\center_2019_12_20_10_06_19_050.jpg,C:\Users\malavika\Desktop\cardata\IMG\left_2019_12_20_10_06_19_050.jpg,C:\Users\malavika\Desktop\cardata\IMG\right_2019_12_20_10_06_19_050.jpg,0,0,0,0.001024141
C:\Users\malavika\Desktop\cardata\IMG\center_2019_12_20_10_06_19_141.jpg,C:\Users\malavika\Desktop\cardata\IMG\left_2019_12_20_10_06_19_141.jpg,C:\Users\malavika\Desktop\cardata\IMG\right_2019_12_20_10_06_19_141.jpg,0,0,0,0.001022943
C:\Users\malavika\Desktop\cardata\IMG\center_2019_12_20_10_06_19_235.jpg,C:\Users\malavika\Desktop\cardata\IMG\left_2019_12_20_10_06_19_235.jpg,C:\Users\malavika\Desktop\cardata\IMG\right_2019_12_20_10_06_19_235.jpg,0,0,0,0.001109615
C:\Users\malavika\Desktop\cardata\IMG\center_2019_12_20_10_06_19_332.jpg,C:\Users\malavika\Desktop\cardata\IMG\left_2019_12_20_10_06_19_332.jpg,C:\Users\malavika\Desktop\cardata\IMG\right_2019_12_20_10_06_19_332.jpg,0,0,0,0.001305085
C:\Users\malavika\Desktop\cardata\IMG\center_2019_12_20_10_06_19_428.jpg,C:\Users\malavika\Desktop\cardata\IMG\left_2019_12_20_10_06_19_428.jpg,C:\Users\malavika\Desktop\cardata\IMG\right_2019_12_20_10_06_19_428.jpg,0,0,0,0.0009947144
C:\Users\malavika\Desktop\cardata\IMG\center_2019_12_20_10_06_19_542.jpg,C:\Users\malavika\Desktop\cardata\IMG\left_2019_12_20_10_06_19_542.jpg,C:\Users\malavika\Desktop\cardata\IMG\right_2019_12_20_10_06_19_542.jpg,0,0,0,0.00100884
C:\Users\malavika\Desktop\cardata\IMG\center_2019_12_20_10_06_19_619.jpg,C:\Users\malavika\Desktop\cardata\IMG\left_2019_12_20_10_06_19_619.jpg,C:\Users\malavika\Desktop\cardata\IMG\right_2019_12_20_10_06_19_619.jpg,0,0,0,0.001019819
C:\Users\malavika\Desktop\cardata\IMG\center_2019_12_20_10_06_19_715.jpg,C:\Users\malavika\Desktop\cardata\IMG\left_2019_12_20_10_06_19_715.jpg,C:\Users\malavika\Desktop\cardata\IMG\right_2019_12_20_10_06_19_715.jpg,0,0,0,0.001097613
C:\Users\malavika\Desktop\cardata\IMG\center_2019_12_20_10_06_19_810.jpg,C:\Users\malavika\Desktop\cardata\IMG\left_2019_12_20_10_06_19_810.jpg,C:\Users\malavika\Desktop\cardata\IMG\right_2019_12_20_10_06_19_810.jpg,0,0,0,0.001165088
C:\Users\malavika\Desktop\cardata\IMG\center_2019_12_20_10_06_19_909.jpg,C:\Users\malavika\Desktop\cardata\IMG\left_2019_12_20_10_06_19_909.jpg,C:\Users\malavika\Desktop\cardata\IMG\right_2019_12_20_10_06_19_909.jpg,0,0,0,0.001056623
C:\Users\malavika\Desktop\cardata\IMG\center_2019_12_20_10_06_20_006.jpg,C:\Users\malavika\Desktop\cardata\IMG\left_2019_12_20_10_06_20_006.jpg,C:\Users\malavika\Desktop\cardata\IMG\right_2019_12_20_10_06_20_006.jpg,0,0,0,0.0006486108
C:\Users\malavika\Desktop\cardata\IMG\center_2019_12_20_10_06_20_101.jpg,C:\Users\malavika\Desktop\cardata\IMG\left_2019_12_20_10_06_20_101.jpg,C:\Users\malavika\Desktop\cardata\IMG\right_2019_12_20_10_06_20_101.jpg,0,0,0,0.0006675913
C:\Users\malavika\Desktop\cardata\IMG\center_2019_12_20_10_06_20_197.jpg,C:\Users\malavika\Desktop\cardata\IMG\left_2019_12_20_10_06_20_197.jpg,C:\Users\malavika\Desktop\cardata\IMG\right_2019_12_20_10_06_20_197.jpg,0,0,0,0.001087355
C:\Users\malavika\Desktop\cardata\IMG\center_2019_12_20_10_06_20_295.jpg,C:\Users\malavika\Desktop\cardata\IMG\left_2019_12_20_10_06_20_295.jpg,C:\Users\malavika\Desktop\cardata\IMG\right_2019_12_20_10_06_20_295.jpg,0,0,0,0.001094151
C:\Users\malavika\Desktop\cardata\IMG\center_2019_12_20_10_06_20_396.jpg,C:\Users\malavika\Desktop\cardata\IMG\left_2019_12_20_10_06_20_396.jpg,C:\Users\malavika\Desktop\cardata\IMG\right_2019_12_20_10_06_20_396.jpg,0,0,0,0.001024429
C:\Users\malavika\Desktop\cardata\IMG\center_2019_12_20_10_06_20_488.jpg,C:\Users\malavika\Desktop\cardata\IMG\left_2019_12_20_10_06_20_488.jpg,C:\Users\malavika\Desktop\cardata\IMG\right_2019_12_20_10_06_20_488.jpg,0,0,0,0.0009956744
C:\Users\malavika\Desktop\cardata\IMG\center_2019_12_20_10_06_20_587.jpg,C:\Users\malavika\Desktop\cardata\IMG\left_2019_12_20_10_06_20_587.jpg,C:\Users\malavika\Desktop\cardata\IMG\right_2019_12_20_10_06_20_587.jpg,0,0,0,0.00109605
C:\Users\malavika\Desktop\cardata\IMG\center_2019_12_20_10_06_20_682.jpg,C:\Users\malavika\Desktop\cardata\IMG\left_2019_12_20_10_06_20_682.jpg,C:\Users\malavika\Desktop\cardata\IMG\right_2019_12_20_10_06_20_682.jpg,0,0,0,0.001482233
C:\Users\malavika\Desktop\cardata\IMG\center_2019_12_20_10_06_20_784.jpg,C:\Users\malavika\Desktop\cardata\IMG\left_2019_12_20_10_06_20_784.jpg,C:\Users\malavika\Desktop\cardata\IMG\right_2019_12_20_10_06_20_784.jpg,0,0,0,0.0006352555
C:\Users\malavika\Desktop\cardata\IMG\center_2019_12_20_10_06_20_876.jpg,C:\Users\malavika\Desktop\cardata\IMG\left_2019_12_20_10_06_20_876.jpg,C:\Users\malavika\Desktop\cardata\IMG\right_2019_12_20_10_06_20_876.jpg,0,0,0,0.001073143
C:\Users\malavika\Desktop\cardata\IMG\center_2019_12_20_10_06_20_973.jpg,C:\Users\malavika\Desktop\cardata\IMG\left_2019_12_20_10_06_20_973.jpg,C:\Users\malavika\Desktop\cardata\IMG\right_2019_12_20_10_06_20_973.jpg,0,0,0,0.001271375
C:\Users\malavika\Desktop\cardata\IMG\center_2019_12_20_10_06_21_068.jpg,C:\Users\malavika\Desktop\cardata\IMG\left_2019_12_20_10_06_21_068.jpg,C:\Users\malavika\Desktop\cardata\IMG\right_2019_12_20_10_06_21_068.jpg,0,0,0,0.001110678
C:\Users\malavika\Desktop\cardata\IMG\center_2019_12_20_10_06_21_166.jpg,C:\Users\malavika\Desktop\cardata\IMG\left_2019_12_20_10_06_21_166.jpg,C:\Users\malavika\Desktop\cardata\IMG\right_2019_12_20_10_06_21_166.jpg,0,0,0,0.001271184
C:\Users\malavika\Desktop\cardata\IMG\center_2019_12_20_10_06_21_269.jpg,C:\Users\malavika\Desktop\cardata\IMG\left_2019_12_20_10_06_21_269.jpg,C:\Users\malavika\Desktop\cardata\IMG\right_2019_12_20_10_06_21_269.jpg,0,0,0,0.001114288
C:\Users\malavika\Desktop\cardata\IMG\center_2019_12_20_10_06_21_369.jpg,C:\Users\malavika\Desktop\cardata\IMG\left_2019_12_20_10_06_21_369.jpg,C:\Users\malavika\Desktop\cardata\IMG\right_2019_12_20_10_06_21_369.jpg,0,0,0,0.001094176
C:\Users\malavika\Desktop\cardata\IMG\center_2019_12_20_10_06_21_456.jpg,C:\Users\malavika\Desktop\cardata\IMG\left_2019_12_20_10_06_21_456.jpg,C:\Users\malavika\Desktop\cardata\IMG\right_2019_12_20_10_06_21_456.jpg,0,0,0,0.001431427
C:\Users\malavika\Desktop\cardata\IMG\center_2019_12_20_10_06_21_556.jpg,C:\Users\malavika\Desktop\cardata\IMG\left_2019_12_20_10_06_21_556.jpg,C:\Users\malavika\Desktop\cardata\IMG\right_2019_12_20_10_06_21_556.jpg,0,0,0,0.0006884464
C:\Users\malavika\Desktop\cardata\IMG\center_2019_12_20_10_06_21_651.jpg,C:\Users\malavika\Desktop\cardata\IMG\left_2019_12_20_10_06_21_651.jpg,C:\Users\malavika\Desktop\cardata\IMG\right_2019_12_20_10_06_21_651.jpg,0,0,0,0.0009839638
C:\Users\malavika\Desktop\cardata\IMG\center_2019_12_20_10_06_21_746.jpg,C:\Users\malavika\Desktop\cardata\IMG\left_2019_12_20_10_06_21_746.jpg,C:\Users\malavika\Desktop\cardata\IMG\right_2019_12_20_10_06_21_746.jpg,0,0,0,0.001326436
C:\Users\malavika\Desktop\cardata\IMG\center_2019_12_20_10_06_21_848.jpg,C:\Users\malavika\Desktop\cardata\IMG\left_2019_12_20_10_06_21_848.jpg,C:\Users\malavika\Desktop\cardata\IMG\right_2019_12_20_10_06_21_848.jpg,0,0,0,0.001024781
C:\Users\malavika\Desktop\cardata\IMG\center_2019_12_20_10_06_21_939.jpg,C:\Users\malavika\Desktop\cardata\IMG\left_2019_12_20_10_06_21_939.jpg,C:\Users\malavika\Desktop\cardata\IMG\right_2019_12_20_10_06_21_939.jpg,0,0,0,0.001109956
C:\Users\malavika\Desktop\cardata\IMG\center_2019_12_20_10_06_22_035.jpg,C:\Users\malavika\Desktop\cardata\IMG\left_2019_12_20_10_06_22_035.jpg,C:\Users\malavika\Desktop\cardata\IMG\right_2019_12_20_10_06_22_035.jpg,0,0,0,0.001056232
C:\Users\malavika\Desktop\cardata\IMG\center_2019_12_20_10_06_22_132.jpg,C:\Users\malavika\Desktop\cardata\IMG\left_2019_12_20_10_06_22_132.jpg,C:\Users\malavika\Desktop\cardata\IMG\right_2019_12_20_10_06_22_132.jpg,0,0,0,0.00109045
C:\Users\malavika\Desktop\cardata\IMG\center_2019_12_20_10_06_22_228.jpg,C:\Users\malavika\Desktop\cardata\IMG\left_2019_12_20_10_06_22_228.jpg,C:\Users\malavika\Desktop\cardata\IMG\right_2019_12_20_10_06_22_228.jpg,0,0,0,0.001046668
C:\Users\malavika\Desktop\cardata\IMG\center_2019_12_20_10_06_22_325.jpg,C:\Users\malavika\Desktop\cardata\IMG\left_2019_12_20_10_06_22_325.jpg,C:\Users\malavika\Desktop\cardata\IMG\right_2019_12_20_10_06_22_325.jpg,0,0,0,0.001017957
C:\Users\malavika\Desktop\cardata\IMG\center_2019_12_20_10_06_22_427.jpg,C:\Users\malavika\Desktop\cardata\IMG\left_2019_12_20_10_06_22_427.jpg,C:\Users\malavika\Desktop\cardata\IMG\right_2019_12_20_10_06_22_427.jpg,0,0,0,0.0010725
C:\Users\malavika\Desktop\cardata\IMG\center_2019_12_20_10_06_22_520.jpg,C:\Users\malavika\Desktop\cardata\IMG\left_2019_12_20_10_06_22_520.jpg,C:\Users\malavika\Desktop\cardata\IMG\right_2019_12_20_10_06_22_520.jpg,0,0,0,0.001119988
C:\Users\malavika\Desktop\cardata\IMG\center_2019_12_20_10_06_22_618.jpg,C:\Users\malavika\Desktop\cardata\IMG\left_2019_12_20_10_06_22_618.jpg,C:\Users\malavika\Desktop\cardata\IMG\right_2019_12_20_10_06_22_618.jpg,0,0,0,0.001022212
C:\Users\malavika\Desktop\cardata\IMG\center_2019_12_20_10_06_22_714.jpg,C:\Users\malavika\Desktop\cardata\IMG\left_2019_12_20_10_06_22_714.jpg,C:\Users\malavika\Desktop\cardata\IMG\right_2019_12_20_10_06_22_714.jpg,0,0,0,0.001097929
C:\Users\malavika\Desktop\cardata\IMG\center_2019_12_20_10_06_22_808.jpg,C:\Users\malavika\Desktop\cardata\IMG\left_2019_12_20_10_06_22_808.jpg,C:\Users\malavika\Desktop\cardata\IMG\right_2019_12_20_10_06_22_808.jpg,0,0,0,0.001091591
C:\Users\malavika\Desktop\cardata\IMG\center_2019_12_20_10_06_22_903.jpg,C:\Users\malavika\Desktop\cardata\IMG\left_2019_12_20_10_06_22_903.jpg,C:\Users\malavika\Desktop\cardata\IMG\right_2019_12_20_10_06_22_903.jpg,0,0,0,0.001052686
C:\Users\malavika\Desktop\cardata\IMG\center_2019_12_20_10_06_23_005.jpg,C:\Users\malavika\Desktop\cardata\IMG\left_2019_12_20_10_06_23_005.jpg,C:\Users\malavika\Desktop\cardata\IMG\right_2019_12_20_10_06_23_005.jpg,0,0,0,0.0009563659
C:\Users\malavika\Desktop\cardata\IMG\center_2019_12_20_10_06_23_096.jpg,C:\Users\malavika\Desktop\cardata\IMG\left_2019_12_20_10_06_23_096.jpg,C:\Users\malavika\Desktop\cardata\IMG\right_2019_12_20_10_06_23_096.jpg,0,0,0,0.0007013014
C:\Users\malavika\Desktop\cardata\IMG\center_2019_12_20_10_06_23_196.jpg,C:\Users\malavika\Desktop\cardata\IMG\left_2019_12_20_10_06_23_196.jpg,C:\Users\malavika\Desktop\cardata\IMG\right_2019_12_20_10_06_23_196.jpg,0,0,0,0.00106517
C:\Users\malavika\Desktop\cardata\IMG\center_2019_12_20_10_06_23_285.jpg,C:\Users\malavika\Desktop\cardata\IMG\left_2019_12_20_10_06_23_285.jpg,C:\Users\malavika\Desktop\cardata\IMG\right_2019_12_20_10_06_23_285.jpg,0,0,0,0.001233692
C:\Users\malavika\Desktop\cardata\IMG\center_2019_12_20_10_06_23_383.jpg,C:\Users\malavika\Desktop\cardata\IMG\left_2019_12_20_10_06_23_383.jpg,C:\Users\malavika\Desktop\cardata\IMG\right_2019_12_20_10_06_23_383.jpg,0,0,0,0.001106777
C:\Users\malavika\Desktop\cardata\IMG\center_2019_12_20_10_06_23_479.jpg,C:\Users\malavika\Desktop\cardata\IMG\left_2019_12_20_10_06_23_479.jpg,C:\Users\malavika\Desktop\cardata\IMG\right_2019_12_20_10_06_23_479.jpg,0,0,0,0.001154336
C:\Users\malavika\Desktop\cardata\IMG\center_2019_12_20_10_06_23_574.jpg,C:\Users\malavika\Desktop\cardata\IMG\left_2019_12_20_10_06_23_574.jpg,C:\Users\malavika\Desktop\cardata\IMG\right_2019_12_20_10_06_23_574.jpg,0,0,0,0.000994933
C:\Users\malavika\Desktop\cardata\IMG\center_2019_12_20_10_06_23_669.jpg,C:\Users\malavika\Desktop\cardata\IMG\left_2019_12_20_10_06_23_669.jpg,C:\Users\malavika\Desktop\cardata\IMG\right_2019_12_20_10_06_23_669.jpg,0,0,0,0.0013927
C:\Users\malavika\Desktop\cardata\IMG\center_2019_12_20_10_06_23_764.jpg,C:\Users\malavika\Desktop\cardata\IMG\left_2019_12_20_10_06_23_764.jpg,C:\Users\malavika\Desktop\cardata\IMG\right_2019_12_20_10_06_23_764.jpg,0,0,0,0.0006658321
C:\Users\malavika\Desktop\cardata\IMG\center_2019_12_20_10_06_23_873.jpg,C:\Users\malavika\Desktop\cardata\IMG\left_2019_12_20_10_06_23_873.jpg,C:\Users\malavika\Desktop\cardata\IMG\right_2019_12_20_10_06_23_873.jpg,0,0,0,0.001038638
C:\Users\malavika\Desktop\cardata\IMG\center_2019_12_20_10_06_23_965.jpg,C:\Users\malavika\Desktop\cardata\IMG\left_2019_12_20_10_06_23_965.jpg,C:\Users\malavika\Desktop\cardata\IMG\right_2019_12_20_10_06_23_965.jpg,0,0,0,0.001082914
C:\Users\malavika\Desktop\cardata\IMG\center_2019_12_20_10_06_24_050.jpg,C:\Users\malavika\Desktop\cardata\IMG\left_2019_12_20_10_06_24_050.jpg,C:\Users\malavika\Desktop\cardata\IMG\right_2019_12_20_10_06_24_050.jpg,0,0,0,0.001219375
C:\Users\malavika\Desktop\cardata\IMG\center_2019_12_20_10_06_24_145.jpg,C:\Users\malavika\Desktop\cardata\IMG\left_2019_12_20_10_06_24_145.jpg,C:\Users\malavika\Desktop\cardata\IMG\right_2019_12_20_10_06_24_145.jpg,0,0,0,0.001309914
C:\Users\malavika\Desktop\cardata\IMG\center_2019_12_20_10_06_24_240.jpg,C:\Users\malavika\Desktop\cardata\IMG\left_2019_12_20_10_06_24_240.jpg,C:\Users\malavika\Desktop\cardata\IMG\right_2019_12_20_10_06_24_240.jpg,0,0,0,0.001030322
C:\Users\malavika\Desktop\cardata\IMG\center_2019_12_20_10_06_24_334.jpg,C:\Users\malavika\Desktop\cardata\IMG\left_2019_12_20_10_06_24_334.jpg,C:\Users\malavika\Desktop\cardata\IMG\right_2019_12_20_10_06_24_334.jpg,0,0,0,0.001072699
C:\Users\malavika\Desktop\cardata\IMG\center_2019_12_20_10_06_24_446.jpg,C:\Users\malavika\Desktop\cardata\IMG\left_2019_12_20_10_06_24_446.jpg,C:\Users\malavika\Desktop\cardata\IMG\right_2019_12_20_10_06_24_446.jpg,0,0,0,0.001117523
C:\Users\malavika\Desktop\cardata\IMG\center_2019_12_20_10_06_24_533.jpg,C:\Users\malavika\Desktop\cardata\IMG\left_2019_12_20_10_06_24_533.jpg,C:\Users\malavika\Desktop\cardata\IMG\right_2019_12_20_10_06_24_533.jpg,0,0,0,0.001112979
C:\Users\malavika\Desktop\cardata\IMG\center_2019_12_20_10_06_24_624.jpg,C:\Users\malavika\Desktop\cardata\IMG\left_2019_12_20_10_06_24_624.jpg,C:\Users\malavika\Desktop\cardata\IMG\right_2019_12_20_10_06_24_624.jpg,0,0,0,0.001061523
C:\Users\malavika\Desktop\cardata\IMG\center_2019_12_20_10_06_24_717.jpg,C:\Users\malavika\Desktop\cardata\IMG\left_2019_12_20_10_06_24_717.jpg,C:\Users\malavika\Desktop\cardata\IMG\right_2019_12_20_10_06_24_717.jpg,0,0,0,0.001062727
C:\Users\malavika\Desktop\cardata\IMG\center_2019_12_20_10_06_24_814.jpg,C:\Users\malavika\Desktop\cardata\IMG\left_2019_12_20_10_06_24_814.jpg,C:\Users\malavika\Desktop\cardata\IMG\right_2019_12_20_10_06_24_814.jpg,0,0,0,0.0009481991
C:\Users\malavika\Desktop\cardata\IMG\center_2019_12_20_10_06_24_911.jpg,C:\Users\malavika\Desktop\cardata\IMG\left_2019_12_20_10_06_24_911.jpg,C:\Users\malavika\Desktop\cardata\IMG\right_2019_12_20_10_06_24_911.jpg,0,0,0,0.001288195
C:\Users\malavika\Desktop\cardata\IMG\center_2019_12_20_10_06_25_013.jpg,C:\Users\malavika\Desktop\cardata\IMG\left_2019_12_20_10_06_25_013.jpg,C:\Users\malavika\Desktop\cardata\IMG\right_2019_12_20_10_06_25_013.jpg,0,0,0,0.0006981309
C:\Users\malavika\Desktop\cardata\IMG\center_2019_12_20_10_06_25_106.jpg,C:\Users\malavika\Desktop\cardata\IMG\left_2019_12_20_10_06_25_106.jpg,C:\Users\malavika\Desktop\cardata\IMG\right_2019_12_20_10_06_25_106.jpg,0,0,0,0.0007322684
C:\Users\malavika\Desktop\cardata\IMG\center_2019_12_20_10_06_25_196.jpg,C:\Users\malavika\Desktop\cardata\IMG\left_2019_12_20_10_06_25_196.jpg,C:\Users\malavika\Desktop\cardata\IMG\right_2019_12_20_10_06_25_196.jpg,0,0,0,0.001420885
C:\Users\malavika\Desktop\cardata\IMG\center_2019_12_20_10_06_25_290.jpg,C:\Users\malavika\Desktop\cardata\IMG\left_2019_12_20_10_06_25_290.jpg,C:\Users\malavika\Desktop\cardata\IMG\right_2019_12_20_10_06_25_290.jpg,0,0,0,0.0009989884
C:\Users\malavika\Desktop\cardata\IMG\center_2019_12_20_10_06_25_387.jpg,C:\Users\malavika\Desktop\cardata\IMG\left_2019_12_20_10_06_25_387.jpg,C:\Users\malavika\Desktop\cardata\IMG\right_2019_12_20_10_06_25_387.jpg,0,0,0,0.001034539
C:\Users\malavika\Desktop\cardata\IMG\center_2019_12_20_10_06_25_489.jpg,C:\Users\malavika\Desktop\cardata\IMG\left_2019_12_20_10_06_25_489.jpg,C:\Users\malavika\Desktop\cardata\IMG\right_2019_12_20_10_06_25_489.jpg,0,0,0,0.0009704967
C:\Users\malavika\Desktop\cardata\IMG\center_2019_12_20_10_06_25_577.jpg,C:\Users\malavika\Desktop\cardata\IMG\left_2019_12_20_10_06_25_577.jpg,C:\Users\malavika\Desktop\cardata\IMG\right_2019_12_20_10_06_25_577.jpg,0,0,0,0.001085868
C:\Users\malavika\Desktop\cardata\IMG\center_2019_12_20_10_06_25_672.jpg,C:\Users\malavika\Desktop\cardata\IMG\left_2019_12_20_10_06_25_672.jpg,C:\Users\malavika\Desktop\cardata\IMG\right_2019_12_20_10_06_25_672.jpg,0,0,0,0.0009798517
C:\Users\malavika\Desktop\cardata\IMG\center_2019_12_20_10_06_25_765.jpg,C:\Users\malavika\Desktop\cardata\IMG\left_2019_12_20_10_06_25_765.jpg,C:\Users\malavika\Desktop\cardata\IMG\right_2019_12_20_10_06_25_765.jpg,0,0,0,0.001017613
C:\Users\malavika\Desktop\cardata\IMG\center_2019_12_20_10_06_25_875.jpg,C:\Users\malavika\Desktop\cardata\IMG\left_2019_12_20_10_06_25_875.jpg,C:\Users\malavika\Desktop\cardata\IMG\right_2019_12_20_10_06_25_875.jpg,0,0,0,0.0006888396
C:\Users\malavika\Desktop\cardata\IMG\center_2019_12_20_10_06_25_955.jpg,C:\Users\malavika\Desktop\cardata\IMG\left_2019_12_20_10_06_25_955.jpg,C:\Users\malavika\Desktop\cardata\IMG\right_2019_12_20_10_06_25_955.jpg,0,0,0,0.001004913
C:\Users\malavika\Desktop\cardata\IMG\center_2019_12_20_10_06_26_055.jpg,C:\Users\malavika\Desktop\cardata\IMG\left_2019_12_20_10_06_26_055.jpg,C:\Users\malavika\Desktop\cardata\IMG\right_2019_12_20_10_06_26_055.jpg,0,0,0,0.001095902
C:\Users\malavika\Desktop\cardata\IMG\center_2019_12_20_10_06_26_147.jpg,C:\Users\malavika\Desktop\cardata\IMG\left_2019_12_20_10_06_26_147.jpg,C:\Users\malavika\Desktop\cardata\IMG\right_2019_12_20_10_06_26_147.jpg,0,0,0,0.001029656
C:\Users\malavika\Desktop\cardata\IMG\center_2019_12_20_10_06_26_252.jpg,C:\Users\malavika\Desktop\cardata\IMG\left_2019_12_20_10_06_26_252.jpg,C:\Users\malavika\Desktop\cardata\IMG\right_2019_12_20_10_06_26_252.jpg,0,0,0,0.001151677
C:\Users\malavika\Desktop\cardata\IMG\center_2019_12_20_10_06_26_338.jpg,C:\Users\malavika\Desktop\cardata\IMG\left_2019_12_20_10_06_26_338.jpg,C:\Users\malavika\Desktop\cardata\IMG\right_2019_12_20_10_06_26_338.jpg,0,0,0,0.001075757
C:\Users\malavika\Desktop\cardata\IMG\center_2019_12_20_10_06_26_437.jpg,C:\Users\malavika\Desktop\cardata\IMG\left_2019_12_20_10_06_26_437.jpg,C:\Users\malavika\Desktop\cardata\IMG\right_2019_12_20_10_06_26_437.jpg,0,0,0,0.001113946
C:\Users\malavika\Desktop\cardata\IMG\center_2019_12_20_10_06_26_535.jpg,C:\Users\malavika\Desktop\cardata\IMG\left_2019_12_20_10_06_26_535.jpg,C:\Users\malavika\Desktop\cardata\IMG\right_2019_12_20_10_06_26_535.jpg,0,0,0,0.001067953
C:\Users\malavika\Desktop\cardata\IMG\center_2019_12_20_10_06_26_629.jpg,C:\Users\malavika\Desktop\cardata\IMG\left_2019_12_20_10_06_26_629.jpg,C:\Users\malavika\Desktop\cardata\IMG\right_2019_12_20_10_06_26_629.jpg,0,0,0,0.001573467
C:\Users\malavika\Desktop\cardata\IMG\center_2019_12_20_10_06_26_726.jpg,C:\Users\malavika\Desktop\cardata\IMG\left_2019_12_20_10_06_26_726.jpg,C:\Users\malavika\Desktop\cardata\IMG\right_2019_12_20_10_06_26_726.jpg,0,0,0,0.0006647453
C:\Users\malavika\Desktop\cardata\IMG\center_2019_12_20_10_06_26_820.jpg,C:\Users\malavika\Desktop\cardata\IMG\left_2019_12_20_10_06_26_820.jpg,C:\Users\malavika\Desktop\cardata\IMG\right_2019_12_20_10_06_26_820.jpg,0,0,0,0.0009707334
C:\Users\malavika\Desktop\cardata\IMG\center_2019_12_20_10_06_26_916.jpg,C:\Users\malavika\Desktop\cardata\IMG\left_2019_12_20_10_06_26_916.jpg,C:\Users\malavika\Desktop\cardata\IMG\right_2019_12_20_10_06_26_916.jpg,0,0,0,0.0007276737
C:\Users\malavika\Desktop\cardata\IMG\center_2019_12_20_10_06_27_025.jpg,C:\Users\malavika\Desktop\cardata\IMG\left_2019_12_20_10_06_27_025.jpg,C:\Users\malavika\Desktop\cardata\IMG\right_2019_12_20_10_06_27_025.jpg,0,0,0,0.001318204
C:\Users\malavika\Desktop\cardata\IMG\center_2019_12_20_10_06_27_106.jpg,C:\Users\malavika\Desktop\cardata\IMG\left_2019_12_20_10_06_27_106.jpg,C:\Users\malavika\Desktop\cardata\IMG\right_2019_12_20_10_06_27_106.jpg,0,0,0,0.00150123
C:\Users\malavika\Desktop\cardata\IMG\center_2019_12_20_10_06_27_203.jpg,C:\Users\malavika\Desktop\cardata\IMG\left_2019_12_20_10_06_27_203.jpg,C:\Users\malavika\Desktop\cardata\IMG\right_2019_12_20_10_06_27_203.jpg,0,0,0,0.001234015
C:\Users\malavika\Desktop\cardata\IMG\center_2019_12_20_10_06_27_301.jpg,C:\Users\malavika\Desktop\cardata\IMG\left_2019_12_20_10_06_27_301.jpg,C:\Users\malavika\Desktop\cardata\IMG\right_2019_12_20_10_06_27_301.jpg,0,0,0,0.001207155
C:\Users\malavika\Desktop\cardata\IMG\center_2019_12_20_10_06_27_395.jpg,C:\Users\malavika\Desktop\cardata\IMG\left_2019_12_20_10_06_27_395.jpg,C:\Users\malavika\Desktop\cardata\IMG\right_2019_12_20_10_06_27_395.jpg,0,0,0,0.001165083
C:\Users\malavika\Desktop\cardata\IMG\center_2019_12_20_10_06_27_500.jpg,C:\Users\malavika\Desktop\cardata\IMG\left_2019_12_20_10_06_27_500.jpg,C:\Users\malavika\Desktop\cardata\IMG\right_2019_12_20_10_06_27_500.jpg,0,0,0,0.0009853315
C:\Users\malavika\Desktop\cardata\IMG\center_2019_12_20_10_06_27_590.jpg,C:\Users\malavika\Desktop\cardata\IMG\left_2019_12_20_10_06_27_590.jpg,C:\Users\malavika\Desktop\cardata\IMG\right_2019_12_20_10_06_27_590.jpg,0,0,0,0.001360648
C:\Users\malavika\Desktop\cardata\IMG\center_2019_12_20_10_06_27_692.jpg,C:\Users\malavika\Desktop\cardata\IMG\left_2019_12_20_10_06_27_692.jpg,C:\Users\malavika\Desktop\cardata\IMG\right_2019_12_20_10_06_27_692.jpg,0,0,0,0.0006679758
C:\Users\malavika\Desktop\cardata\IMG\center_2019_12_20_10_06_27_780.jpg,C:\Users\malavika\Desktop\cardata\IMG\left_2019_12_20_10_06_27_780.jpg,C:\Users\malavika\Desktop\cardata\IMG\right_2019_12_20_10_06_27_780.jpg,0,0,0,0.0009985955
C:\Users\malavika\Desktop\cardata\IMG\center_2019_12_20_10_06_27_876.jpg,C:\Users\malavika\Desktop\cardata\IMG\left_2019_12_20_10_06_27_876.jpg,C:\Users\malavika\Desktop\cardata\IMG\right_2019_12_20_10_06_27_876.jpg,0,0,0,0.001093915
C:\Users\malavika\Desktop\cardata\IMG\center_2019_12_20_10_06_27_973.jpg,C:\Users\malavika\Desktop\cardata\IMG\left_2019_12_20_10_06_27_973.jpg,C:\Users\malavika\Desktop\cardata\IMG\right_2019_12_20_10_06_27_973.jpg,0,0,0,0.001133124
C:\Users\malavika\Desktop\cardata\IMG\center_2019_12_20_10_06_28_065.jpg,C:\Users\malavika\Desktop\cardata\IMG\left_2019_12_20_10_06_28_065.jpg,C:\Users\malavika\Desktop\cardata\IMG\right_2019_12_20_10_06_28_065.jpg,0,0,0,0.001040753
C:\Users\malavika\Desktop\cardata\IMG\center_2019_12_20_10_06_28_162.jpg,C:\Users\malavika\Desktop\cardata\IMG\left_2019_12_20_10_06_28_162.jpg,C:\Users\malavika\Desktop\cardata\IMG\right_2019_12_20_10_06_28_162.jpg,0,0,0,0.001130143
C:\Users\malavika\Desktop\cardata\IMG\center_2019_12_20_10_06_28_255.jpg,C:\Users\malavika\Desktop\cardata\IMG\left_2019_12_20_10_06_28_255.jpg,C:\Users\malavika\Desktop\cardata\IMG\right_2019_12_20_10_06_28_255.jpg,0,0,0,0.0006461598
C:\Users\malavika\Desktop\cardata\IMG\center_2019_12_20_10_06_28_352.jpg,C:\Users\malavika\Desktop\cardata\IMG\left_2019_12_20_10_06_28_352.jpg,C:\Users\malavika\Desktop\cardata\IMG\right_2019_12_20_10_06_28_352.jpg,0,0,0,0.0006505782
C:\Users\malavika\Desktop\cardata\IMG\center_2019_12_20_10_06_28_449.jpg,C:\Users\malavika\Desktop\cardata\IMG\left_2019_12_20_10_06_28_449.jpg,C:\Users\malavika\Desktop\cardata\IMG\right_2019_12_20_10_06_28_449.jpg,0,0,0,0.001125588
C:\Users\malavika\Desktop\cardata\IMG\center_2019_12_20_10_06_28_545.jpg,C:\Users\malavika\Desktop\cardata\IMG\left_2019_12_20_10_06_28_545.jpg,C:\Users\malavika\Desktop\cardata\IMG\right_2019_12_20_10_06_28_545.jpg,0,0,0,0.0006948391
C:\Users\malavika\Desktop\cardata\IMG\center_2019_12_20_10_06_28_640.jpg,C:\Users\malavika\Desktop\cardata\IMG\left_2019_12_20_10_06_28_640.jpg,C:\Users\malavika\Desktop\cardata\IMG\right_2019_12_20_10_06_28_640.jpg,0,0,0,0.001102889
C:\Users\malavika\Desktop\cardata\IMG\center_2019_12_20_10_06_28_734.jpg,C:\Users\malavika\Desktop\cardata\IMG\left_2019_12_20_10_06_28_734.jpg,C:\Users\malavika\Desktop\cardata\IMG\right_2019_12_20_10_06_28_734.jpg,0,0,0,0.001038359
C:\Users\malavika\Desktop\cardata\IMG\center_2019_12_20_10_06_28_828.jpg,C:\Users\malavika\Desktop\cardata\IMG\left_2019_12_20_10_06_28_828.jpg,C:\Users\malavika\Desktop\cardata\IMG\right_2019_12_20_10_06_28_828.jpg,0,0,0,0.0006956754
C:\Users\malavika\Desktop\cardata\IMG\center_2019_12_20_10_06_28_922.jpg,C:\Users\malavika\Desktop\cardata\IMG\left_2019_12_20_10_06_28_922.jpg,C:\Users\malavika\Desktop\cardata\IMG\right_2019_12_20_10_06_28_922.jpg,0,0,0,0.001143859
C:\Users\malavika\Desktop\cardata\IMG\center_2019_12_20_10_06_29_018.jpg,C:\Users\malavika\Desktop\cardata\IMG\left_2019_12_20_10_06_29_018.jpg,C:\Users\malavika\Desktop\cardata\IMG\right_2019_12_20_10_06_29_018.jpg,0,0,0,0.00102061
C:\Users\malavika\Desktop\cardata\IMG\center_2019_12_20_10_06_29_127.jpg,C:\Users\malavika\Desktop\cardata\IMG\left_2019_12_20_10_06_29_127.jpg,C:\Users\malavika\Desktop\cardata\IMG\right_2019_12_20_10_06_29_127.jpg,0,0,0,0.00130006
C:\Users\malavika\Desktop\cardata\IMG\center_2019_12_20_10_06_29_206.jpg,C:\Users\malavika\Desktop\cardata\IMG\left_2019_12_20_10_06_29_206.jpg,C:\Users\malavika\Desktop\cardata\IMG\right_2019_12_20_10_06_29_206.jpg,0,0,0,0.001038787
C:\Users\malavika\Desktop\cardata\IMG\center_2019_12_20_10_06_29_303.jpg,C:\Users\malavika\Desktop\cardata\IMG\left_2019_12_20_10_06_29_303.jpg,C:\Users\malavika\Desktop\cardata\IMG\right_2019_12_20_10_06_29_303.jpg,0,0,0,0.001029538
C:\Users\malavika\Desktop\cardata\IMG\center_2019_12_20_10_06_29_400.jpg,C:\Users\malavika\Desktop\cardata\IMG\left_2019_12_20_10_06_29_400.jpg,C:\Users\malavika\Desktop\cardata\IMG\right_2019_12_20_10_06_29_400.jpg,0,0,0,0.001446207
C:\Users\malavika\Desktop\cardata\IMG\center_2019_12_20_10_06_29_498.jpg,C:\Users\malavika\Desktop\cardata\IMG\left_2019_12_20_10_06_29_498.jpg,C:\Users\malavika\Desktop\cardata\IMG\right_2019_12_20_10_06_29_498.jpg,0,0,0,0.0009927346
C:\Users\malavika\Desktop\cardata\IMG\center_2019_12_20_10_06_29_608.jpg,C:\Users\malavika\Desktop\cardata\IMG\left_2019_12_20_10_06_29_608.jpg,C:\Users\malavika\Desktop\cardata\IMG\right_2019_12_20_10_06_29_608.jpg,0,0,0,0.001390689
C:\Users\malavika\Desktop\cardata\IMG\center_2019_12_20_10_06_29_688.jpg,C:\Users\malavika\Desktop\cardata\IMG\left_2019_12_20_10_06_29_688.jpg,C:\Users\malavika\Desktop\cardata\IMG\right_2019_12_20_10_06_29_688.jpg,0,0,0,0.0009462189
C:\Users\malavika\Desktop\cardata\IMG\center_2019_12_20_10_06_29_783.jpg,C:\Users\malavika\Desktop\cardata\IMG\left_2019_12_20_10_06_29_783.jpg,C:\Users\malavika\Desktop\cardata\IMG\right_2019_12_20_10_06_29_783.jpg,0,0,0,0.0006875599
C:\Users\malavika\Desktop\cardata\IMG\center_2019_12_20_10_06_29_878.jpg,C:\Users\malavika\Desktop\cardata\IMG\left_2019_12_20_10_06_29_878.jpg,C:\Users\malavika\Desktop\cardata\IMG\right_2019_12_20_10_06_29_878.jpg,0,0,0,0.001040597
C:\Users\malavika\Desktop\cardata\IMG\center_2019_12_20_10_06_29_984.jpg,C:\Users\malavika\Desktop\cardata\IMG\left_2019_12_20_10_06_29_984.jpg,C:\Users\malavika\Desktop\cardata\IMG\right_2019_12_20_10_06_29_984.jpg,0,0,0,0.001119545
C:\Users\malavika\Desktop\cardata\IMG\center_2019_12_20_10_06_30_074.jpg,C:\Users\malavika\Desktop\cardata\IMG\left_2019_12_20_10_06_30_074.jpg,C:\Users\malavika\Desktop\cardata\IMG\right_2019_12_20_10_06_30_074.jpg,0,0,0,0.00133855
C:\Users\malavika\Desktop\cardata\IMG\center_2019_12_20_10_06_30_175.jpg,C:\Users\malavika\Desktop\cardata\IMG\left_2019_12_20_10_06_30_175.jpg,C:\Users\malavika\Desktop\cardata\IMG\right_2019_12_20_10_06_30_175.jpg,0,0,0,0.001240067
C:\Users\malavika\Desktop\cardata\IMG\center_2019_12_20_10_06_30_261.jpg,C:\Users\malavika\Desktop\cardata\IMG\left_2019_12_20_10_06_30_261.jpg,C:\Users\malavika\Desktop\cardata\IMG\right_2019_12_20_10_06_30_261.jpg,0,0,0,0.001132321
C:\Users\malavika\Desktop\cardata\IMG\center_2019_12_20_10_06_30_374.jpg,C:\Users\malavika\Desktop\cardata\IMG\left_2019_12_20_10_06_30_374.jpg,C:\Users\malavika\Desktop\cardata\IMG\right_2019_12_20_10_06_30_374.jpg,0,0,0,0.001097779
C:\Users\malavika\Desktop\cardata\IMG\center_2019_12_20_10_06_30_457.jpg,C:\Users\malavika\Desktop\cardata\IMG\left_2019_12_20_10_06_30_457.jpg,C:\Users\malavika\Desktop\cardata\IMG\right_2019_12_20_10_06_30_457.jpg,0,0,0,0.001033387
C:\Users\malavika\Desktop\cardata\IMG\center_2019_12_20_10_06_30_551.jpg,C:\Users\malavika\Desktop\cardata\IMG\left_2019_12_20_10_06_30_551.jpg,C:\Users\malavika\Desktop\cardata\IMG\right_2019_12_20_10_06_30_551.jpg,0,0,0,0.0006449127
C:\Users\malavika\Desktop\cardata\IMG\center_2019_12_20_10_06_30_650.jpg,C:\Users\malavika\Desktop\cardata\IMG\left_2019_12_20_10_06_30_650.jpg,C:\Users\malavika\Desktop\cardata\IMG\right_2019_12_20_10_06_30_650.jpg,0,0,0,0.0006775786
C:\Users\malavika\Desktop\cardata\IMG\center_2019_12_20_10_06_30_742.jpg,C:\Users\malavika\Desktop\cardata\IMG\left_2019_12_20_10_06_30_742.jpg,C:\Users\malavika\Desktop\cardata\IMG\right_2019_12_20_10_06_30_742.jpg,0,0,0,0.0009825403
C:\Users\malavika\Desktop\cardata\IMG\center_2019_12_20_10_06_30_838.jpg,C:\Users\malavika\Desktop\cardata\IMG\left_2019_12_20_10_06_30_838.jpg,C:\Users\malavika\Desktop\cardata\IMG\right_2019_12_20_10_06_30_838.jpg,0,0,0,0.001093098
C:\Users\malavika\Desktop\cardata\IMG\center_2019_12_20_10_06_30_932.jpg,C:\Users\malavika\Desktop\cardata\IMG\left_2019_12_20_10_06_30_932.jpg,C:\Users\malavika\Desktop\cardata\IMG\right_2019_12_20_10_06_30_932.jpg,0,0,0,0.00100991
C:\Users\malavika\Desktop\cardata\IMG\center_2019_12_20_10_06_31_035.jpg,C:\Users\malavika\Desktop\cardata\IMG\left_2019_12_20_10_06_31_035.jpg,C:\Users\malavika\Desktop\cardata\IMG\right_2019_12_20_10_06_31_035.jpg,0,0,0,0.00108348
C:\Users\malavika\Desktop\cardata\IMG\center_2019_12_20_10_06_31_122.jpg,C:\Users\malavika\Desktop\cardata\IMG\left_2019_12_20_10_06_31_122.jpg,C:\Users\malavika\Desktop\cardata\IMG\right_2019_12_20_10_06_31_122.jpg,0,0,0,0.001324135
C:\Users\malavika\Desktop\cardata\IMG\center_2019_12_20_10_06_31_218.jpg,C:\Users\malavika\Desktop\cardata\IMG\left_2019_12_20_10_06_31_218.jpg,C:\Users\malavika\Desktop\cardata\IMG\right_2019_12_20_10_06_31_218.jpg,0,0,0,0.001348762
C:\Users\malavika\Desktop\cardata\IMG\center_2019_12_20_10_06_31_323.jpg,C:\Users\malavika\Desktop\cardata\IMG\left_2019_12_20_10_06_31_323.jpg,C:\Users\malavika\Desktop\cardata\IMG\right_2019_12_20_10_06_31_323.jpg,0,0,0,0.001075373
C:\Users\malavika\Desktop\cardata\IMG\center_2019_12_20_10_06_31_411.jpg,C:\Users\malavika\Desktop\cardata\IMG\left_2019_12_20_10_06_31_411.jpg,C:\Users\malavika\Desktop\cardata\IMG\right_2019_12_20_10_06_31_411.jpg,0,0,0,0.001023316
C:\Users\malavika\Desktop\cardata\IMG\center_2019_12_20_10_06_31_508.jpg,C:\Users\malavika\Desktop\cardata\IMG\left_2019_12_20_10_06_31_508.jpg,C:\Users\malavika\Desktop\cardata\IMG\right_2019_12_20_10_06_31_508.jpg,0,0,0,0.0007189667
C:\Users\malavika\Desktop\cardata\IMG\center_2019_12_20_10_06_31_610.jpg,C:\Users\malavika\Desktop\cardata\IMG\left_2019_12_20_10_06_31_610.jpg,C:\Users\malavika\Desktop\cardata\IMG\right_2019_12_20_10_06_31_610.jpg,0,0,0,0.001037452
C:\Users\malavika\Desktop\cardata\IMG\center_2019_12_20_10_06_31_709.jpg,C:\Users\malavika\Desktop\cardata\IMG\left_2019_12_20_10_06_31_709.jpg,C:\Users\malavika\Desktop\cardata\IMG\right_2019_12_20_10_06_31_709.jpg,0,0,0,0.001131516
C:\Users\malavika\Desktop\cardata\IMG\center_2019_12_20_10_06_31_795.jpg,C:\Users\malavika\Desktop\cardata\IMG\left_2019_12_20_10_06_31_795.jpg,C:\Users\malavika\Desktop\cardata\IMG\right_2019_12_20_10_06_31_795.jpg,0,0,0,0.001010336
C:\Users\malavika\Desktop\cardata\IMG\center_2019_12_20_10_06_31_891.jpg,C:\Users\malavika\Desktop\cardata\IMG\left_2019_12_20_10_06_31_891.jpg,C:\Users\malavika\Desktop\cardata\IMG\right_2019_12_20_10_06_31_891.jpg,0,0,0,0.001069137
C:\Users\malavika\Desktop\cardata\IMG\center_2019_12_20_10_06_31_985.jpg,C:\Users\malavika\Desktop\cardata\IMG\left_2019_12_20_10_06_31_985.jpg,C:\Users\malavika\Desktop\cardata\IMG\right_2019_12_20_10_06_31_985.jpg,0,0,0,0.0006370465
C:\Users\malavika\Desktop\cardata\IMG\center_2019_12_20_10_06_32_079.jpg,C:\Users\malavika\Desktop\cardata\IMG\left_2019_12_20_10_06_32_079.jpg,C:\Users\malavika\Desktop\cardata\IMG\right_2019_12_20_10_06_32_079.jpg,0,0,0,0.00114692
C:\Users\malavika\Desktop\cardata\IMG\center_2019_12_20_10_06_32_183.jpg,C:\Users\malavika\Desktop\cardata\IMG\left_2019_12_20_10_06_32_183.jpg,C:\Users\malavika\Desktop\cardata\IMG\right_2019_12_20_10_06_32_183.jpg,0,0,0,0.001092361
C:\Users\malavika\Desktop\cardata\IMG\center_2019_12_20_10_06_32_271.jpg,C:\Users\malavika\Desktop\cardata\IMG\left_2019_12_20_10_06_32_271.jpg,C:\Users\malavika\Desktop\cardata\IMG\right_2019_12_20_10_06_32_271.jpg,0,0,0,0.001103893
C:\Users\malavika\Desktop\cardata\IMG\center_2019_12_20_10_06_32_374.jpg,C:\Users\malavika\Desktop\cardata\IMG\left_2019_12_20_10_06_32_374.jpg,C:\Users\malavika\Desktop\cardata\IMG\right_2019_12_20_10_06_32_374.jpg,0,0,0,0.001105482
C:\Users\malavika\Desktop\cardata\IMG\center_2019_12_20_10_06_32_463.jpg,C:\Users\malavika\Desktop\cardata\IMG\left_2019_12_20_10_06_32_463.jpg,C:\Users\malavika\Desktop\cardata\IMG\right_2019_12_20_10_06_32_463.jpg,0,0,0,0.001033781
C:\Users\malavika\Desktop\cardata\IMG\center_2019_12_20_10_06_32_559.jpg,C:\Users\malavika\Desktop\cardata\IMG\left_2019_12_20_10_06_32_559.jpg,C:\Users\malavika\Desktop\cardata\IMG\right_2019_12_20_10_06_32_559.jpg,0,0,0,0.001051371
C:\Users\malavika\Desktop\cardata\IMG\center_2019_12_20_10_06_32_663.jpg,C:\Users\malavika\Desktop\cardata\IMG\left_2019_12_20_10_06_32_663.jpg,C:\Users\malavika\Desktop\cardata\IMG\right_2019_12_20_10_06_32_663.jpg,0,0,0,0.001410409
C:\Users\malavika\Desktop\cardata\IMG\center_2019_12_20_10_06_32_759.jpg,C:\Users\malavika\Desktop\cardata\IMG\left_2019_12_20_10_06_32_759.jpg,C:\Users\malavika\Desktop\cardata\IMG\right_2019_12_20_10_06_32_759.jpg,0,0,0,0.001006755
C:\Users\malavika\Desktop\cardata\IMG\center_2019_12_20_10_06_32_845.jpg,C:\Users\malavika\Desktop\cardata\IMG\left_2019_12_20_10_06_32_845.jpg,C:\Users\malavika\Desktop\cardata\IMG\right_2019_12_20_10_06_32_845.jpg,0,0,0,0.0006781943
C:\Users\malavika\Desktop\cardata\IMG\center_2019_12_20_10_06_32_939.jpg,C:\Users\malavika\Desktop\cardata\IMG\left_2019_12_20_10_06_32_939.jpg,C:\Users\malavika\Desktop\cardata\IMG\right_2019_12_20_10_06_32_939.jpg,0,0,0,0.001390377
C:\Users\malavika\Desktop\cardata\IMG\center_2019_12_20_10_06_33_036.jpg,C:\Users\malavika\Desktop\cardata\IMG\left_2019_12_20_10_06_33_036.jpg,C:\Users\malavika\Desktop\cardata\IMG\right_2019_12_20_10_06_33_036.jpg,0,0,0,0.001093345
C:\Users\malavika\Desktop\cardata\IMG\center_2019_12_20_10_06_33_132.jpg,C:\Users\malavika\Desktop\cardata\IMG\left_2019_12_20_10_06_33_132.jpg,C:\Users\malavika\Desktop\cardata\IMG\right_2019_12_20_10_06_33_132.jpg,0,0,0,0.0009792576
C:\Users\malavika\Desktop\cardata\IMG\center_2019_12_20_10_06_33_231.jpg,C:\Users\malavika\Desktop\cardata\IMG\left_2019_12_20_10_06_33_231.jpg,C:\Users\malavika\Desktop\cardata\IMG\right_2019_12_20_10_06_33_231.jpg,0,0,0,0.001042581
C:\Users\malavika\Desktop\cardata\IMG\center_2019_12_20_10_06_33_341.jpg,C:\Users\malavika\Desktop\cardata\IMG\left_2019_12_20_10_06_33_341.jpg,C:\Users\malavika\Desktop\cardata\IMG\right_2019_12_20_10_06_33_341.jpg,0,0,0,0.0009460231
C:\Users\malavika\Desktop\cardata\IMG\center_2019_12_20_10_06_33_423.jpg,C:\Users\malavika\Desktop\cardata\IMG\left_2019_12_20_10_06_33_423.jpg,C:\Users\malavika\Desktop\cardata\IMG\right_2019_12_20_10_06_33_423.jpg,0,0,0,0.000698366
C:\Users\malavika\Desktop\cardata\IMG\center_2019_12_20_10_06_33_518.jpg,C:\Users\malavika\Desktop\cardata\IMG\left_2019_12_20_10_06_33_518.jpg,C:\Users\malavika\Desktop\cardata\IMG\right_2019_12_20_10_06_33_518.jpg,0,0,0,0.00110578
C:\Users\malavika\Desktop\cardata\IMG\center_2019_12_20_10_06_33_611.jpg,C:\Users\malavika\Desktop\cardata\IMG\left_2019_12_20_10_06_33_611.jpg,C:\Users\malavika\Desktop\cardata\IMG\right_2019_12_20_10_06_33_611.jpg,0,0,0,0.001034273
C:\Users\malavika\Desktop\cardata\IMG\center_2019_12_20_10_06_33_708.jpg,C:\Users\malavika\Desktop\cardata\IMG\left_2019_12_20_10_06_33_708.jpg,C:\Users\malavika\Desktop\cardata\IMG\right_2019_12_20_10_06_33_708.jpg,0,0,0,0.001050501
C:\Users\malavika\Desktop\cardata\IMG\center_2019_12_20_10_06_33_804.jpg,C:\Users\malavika\Desktop\cardata\IMG\left_2019_12_20_10_06_33_804.jpg,C:\Users\malavika\Desktop\cardata\IMG\right_2019_12_20_10_06_33_804.jpg,0,0,0,0.0006646286
C:\Users\malavika\Desktop\cardata\IMG\center_2019_12_20_10_06_33_899.jpg,C:\Users\malavika\Desktop\cardata\IMG\left_2019_12_20_10_06_33_899.jpg,C:\Users\malavika\Desktop\cardata\IMG\right_2019_12_20_10_06_33_899.jpg,0,0,0,0.001117535
C:\Users\malavika\Desktop\cardata\IMG\center_2019_12_20_10_06_33_994.jpg,C:\Users\malavika\Desktop\cardata\IMG\left_2019_12_20_10_06_33_994.jpg,C:\Users\malavika\Desktop\cardata\IMG\right_2019_12_20_10_06_33_994.jpg,0,0,0,0.001099213
C:\Users\malavika\Desktop\cardata\IMG\center_2019_12_20_10_06_34_090.jpg,C:\Users\malavika\Desktop\cardata\IMG\left_2019_12_20_10_06_34_090.jpg,C:\Users\malavika\Desktop\cardata\IMG\right_2019_12_20_10_06_34_090.jpg,0,0,0,0.001154274
C:\Users\malavika\Desktop\cardata\IMG\center_2019_12_20_10_06_34_187.jpg,C:\Users\malavika\Desktop\cardata\IMG\left_2019_12_20_10_06_34_187.jpg,C:\Users\malavika\Desktop\cardata\IMG\right_2019_12_20_10_06_34_187.jpg,0,0,0,0.0009738099
C:\Users\malavika\Desktop\cardata\IMG\center_2019_12_20_10_06_34_295.jpg,C:\Users\malavika\Desktop\cardata\IMG\left_2019_12_20_10_06_34_295.jpg,C:\Users\malavika\Desktop\cardata\IMG\right_2019_12_20_10_06_34_295.jpg,0,0,0,0.001556838
C:\Users\malavika\Desktop\cardata\IMG\center_2019_12_20_10_06_34_379.jpg,C:\Users\malavika\Desktop\cardata\IMG\left_2019_12_20_10_06_34_379.jpg,C:\Users\malavika\Desktop\cardata\IMG\right_2019_12_20_10_06_34_379.jpg,0,0,0,0.001000304
C:\Users\malavika\Desktop\cardata\IMG\center_2019_12_20_10_06_34_477.jpg,C:\Users\malavika\Desktop\cardata\IMG\left_2019_12_20_10_06_34_477.jpg,C:\Users\malavika\Desktop\cardata\IMG\right_2019_12_20_10_06_34_477.jpg,0,0,0,0.001091476
C:\Users\malavika\Desktop\cardata\IMG\center_2019_12_20_10_06_34_574.jpg,C:\Users\malavika\Desktop\cardata\IMG\left_2019_12_20_10_06_34_574.jpg,C:\Users\malavika\Desktop\cardata\IMG\right_2019_12_20_10_06_34_574.jpg,0,0,0,0.00112859
C:\Users\malavika\Desktop\cardata\IMG\center_2019_12_20_10_06_34_669.jpg,C:\Users\malavika\Desktop\cardata\IMG\left_2019_12_20_10_06_34_669.jpg,C:\Users\malavika\Desktop\cardata\IMG\right_2019_12_20_10_06_34_669.jpg,0,0,0,0.001010929
C:\Users\malavika\Desktop\cardata\IMG\center_2019_12_20_10_06_34_780.jpg,C:\Users\malavika\Desktop\cardata\IMG\left_2019_12_20_10_06_34_780.jpg,C:\Users\malavika\Desktop\cardata\IMG\right_2019_12_20_10_06_34_780.jpg,0,0,0,0.001042786
C:\Users\malavika\Desktop\cardata\IMG\center_2019_12_20_10_06_34_860.jpg,C:\Users\malavika\Desktop\cardata\IMG\left_2019_12_20_10_06_34_860.jpg,C:\Users\malavika\Desktop\cardata\IMG\right_2019_12_20_10_06_34_860.jpg,0,0,0,0.001483178
C:\Users\malavika\Desktop\cardata\IMG\center_2019_12_20_10_06_34_969.jpg,C:\Users\malavika\Desktop\cardata\IMG\left_2019_12_20_10_06_34_969.jpg,C:\Users\malavika\Desktop\cardata\IMG\right_2019_12_20_10_06_34_969.jpg,0,0,0,0.0006762057
C:\Users\malavika\Desktop\cardata\IMG\center_2019_12_20_10_06_35_054.jpg,C:\Users\malavika\Desktop\cardata\IMG\left_2019_12_20_10_06_35_054.jpg,C:\Users\malavika\Desktop\cardata\IMG\right_2019_12_20_10_06_35_054.jpg,0,0,0,0.001120977
C:\Users\malavika\Desktop\cardata\IMG\center_2019_12_20_10_06_35_145.jpg,C:\Users\malavika\Desktop\cardata\IMG\left_2019_12_20_10_06_35_145.jpg,C:\Users\malavika\Desktop\cardata\IMG\right_2019_12_20_10_06_35_145.jpg,0,0,0,0.001005628
C:\Users\malavika\Desktop\cardata\IMG\center_2019_12_20_10_06_35_241.jpg,C:\Users\malavika\Desktop\cardata\IMG\left_2019_12_20_10_06_35_241.jpg,C:\Users\malavika\Desktop\cardata\IMG\right_2019_12_20_10_06_35_241.jpg,0,0,0,0.0009281869
C:\Users\malavika\Desktop\cardata\IMG\center_2019_12_20_10_06_35_339.jpg,C:\Users\malavika\Desktop\cardata\IMG\left_2019_12_20_10_06_35_339.jpg,C:\Users\malavika\Desktop\cardata\IMG\right_2019_12_20_10_06_35_339.jpg,0,0,0,0.001497238
C:\Users\malavika\Desktop\cardata\IMG\center_2019_12_20_10_06_35_435.jpg,C:\Users\malavika\Desktop\cardata\IMG\left_2019_12_20_10_06_35_435.jpg,C:\Users\malavika\Desktop\cardata\IMG\right_2019_12_20_10_06_35_435.jpg,0,0,0,0.0006596404
C:\Users\malavika\Desktop\cardata\IMG\center_2019_12_20_10_06_35_534.jpg,C:\Users\malavika\Desktop\cardata\IMG\left_2019_12_20_10_06_35_534.jpg,C:\Users\malavika\Desktop\cardata\IMG\right_2019_12_20_10_06_35_534.jpg,0,0,0,0.0006400935
C:\Users\malavika\Desktop\cardata\IMG\center_2019_12_20_10_06_35_629.jpg,C:\Users\malavika\Desktop\cardata\IMG\left_2019_12_20_10_06_35_629.jpg,C:\Users\malavika\Desktop\cardata\IMG\right_2019_12_20_10_06_35_629.jpg,0,0,0,0.0007685393
C:\Users\malavika\Desktop\cardata\IMG\center_2019_12_20_10_06_35_725.jpg,C:\Users\malavika\Desktop\cardata\IMG\left_2019_12_20_10_06_35_725.jpg,C:\Users\malavika\Desktop\cardata\IMG\right_2019_12_20_10_06_35_725.jpg,0,0,0,0.001063451
C:\Users\malavika\Desktop\cardata\IMG\center_2019_12_20_10_06_35_827.jpg,C:\Users\malavika\Desktop\cardata\IMG\left_2019_12_20_10_06_35_827.jpg,C:\Users\malavika\Desktop\cardata\IMG\right_2019_12_20_10_06_35_827.jpg,0,0,0,0.001059075
C:\Users\malavika\Desktop\cardata\IMG\center_2019_12_20_10_06_35_923.jpg,C:\Users\malavika\Desktop\cardata\IMG\left_2019_12_20_10_06_35_923.jpg,C:\Users\malavika\Desktop\cardata\IMG\right_2019_12_20_10_06_35_923.jpg,0,0,0,0.001070636
C:\Users\malavika\Desktop\cardata\IMG\center_2019_12_20_10_06_36_016.jpg,C:\Users\malavika\Desktop\cardata\IMG\left_2019_12_20_10_06_36_016.jpg,C:\Users\malavika\Desktop\cardata\IMG\right_2019_12_20_10_06_36_016.jpg,0,0,0,0.001076894
C:\Users\malavika\Desktop\cardata\IMG\center_2019_12_20_10_06_36_118.jpg,C:\Users\malavika\Desktop\cardata\IMG\left_2019_12_20_10_06_36_118.jpg,C:\Users\malavika\Desktop\cardata\IMG\right_2019_12_20_10_06_36_118.jpg,0,0,0,0.0010633
C:\Users\malavika\Desktop\cardata\IMG\center_2019_12_20_10_06_36_215.jpg,C:\Users\malavika\Desktop\cardata\IMG\left_2019_12_20_10_06_36_215.jpg,C:\Users\malavika\Desktop\cardata\IMG\right_2019_12_20_10_06_36_215.jpg,0,0,0,0.00100384
C:\Users\malavika\Desktop\cardata\IMG\center_2019_12_20_10_06_36_311.jpg,C:\Users\malavika\Desktop\cardata\IMG\left_2019_12_20_10_06_36_311.jpg,C:\Users\malavika\Desktop\cardata\IMG\right_2019_12_20_10_06_36_311.jpg,0,0,0,0.001440543
C:\Users\malavika\Desktop\cardata\IMG\center_2019_12_20_10_06_36_411.jpg,C:\Users\malavika\Desktop\cardata\IMG\left_2019_12_20_10_06_36_411.jpg,C:\Users\malavika\Desktop\cardata\IMG\right_2019_12_20_10_06_36_411.jpg,0,0,0,0.0006504196
C:\Users\malavika\Desktop\cardata\IMG\center_2019_12_20_10_06_36_507.jpg,C:\Users\malavika\Desktop\cardata\IMG\left_2019_12_20_10_06_36_507.jpg,C:\Users\malavika\Desktop\cardata\IMG\right_2019_12_20_10_06_36_507.jpg,0,0,0,0.0006786169
C:\Users\malavika\Desktop\cardata\IMG\center_2019_12_20_10_06_36_606.jpg,C:\Users\malavika\Desktop\cardata\IMG\left_2019_12_20_10_06_36_606.jpg,C:\Users\malavika\Desktop\cardata\IMG\right_2019_12_20_10_06_36_606.jpg,0,0,0,0.0006641491
C:\Users\malavika\Desktop\cardata\IMG\center_2019_12_20_10_06_36_705.jpg,C:\Users\malavika\Desktop\cardata\IMG\left_2019_12_20_10_06_36_705.jpg,C:\Users\malavika\Desktop\cardata\IMG\right_2019_12_20_10_06_36_705.jpg,0,0,0,0.001109176
C:\Users\malavika\Desktop\cardata\IMG\center_2019_12_20_10_06_36_800.jpg,C:\Users\malavika\Desktop\cardata\IMG\left_2019_12_20_10_06_36_800.jpg,C:\Users\malavika\Desktop\cardata\IMG\right_2019_12_20_10_06_36_800.jpg,0,0,0,0.00107946
C:\Users\malavika\Desktop\cardata\IMG\center_2019_12_20_10_06_36_896.jpg,C:\Users\malavika\Desktop\cardata\IMG\left_2019_12_20_10_06_36_896.jpg,C:\Users\malavika\Desktop\cardata\IMG\right_2019_12_20_10_06_36_896.jpg,0,0,0,0.001058134
C:\Users\malavika\Desktop\cardata\IMG\center_2019_12_20_10_06_36_997.jpg,C:\Users\malavika\Desktop\cardata\IMG\left_2019_12_20_10_06_36_997.jpg,C:\Users\malavika\Desktop\cardata\IMG\right_2019_12_20_10_06_36_997.jpg,0,0,0,0.001244257
C:\Users\malavika\Desktop\cardata\IMG\center_2019_12_20_10_06_37_094.jpg,C:\Users\malavika\Desktop\cardata\IMG\left_2019_12_20_10_06_37_094.jpg,C:\Users\malavika\Desktop\cardata\IMG\right_2019_12_20_10_06_37_094.jpg,0,0,0,0.0009929228
C:\Users\malavika\Desktop\cardata\IMG\center_2019_12_20_10_06_37_188.jpg,C:\Users\malavika\Desktop\cardata\IMG\left_2019_12_20_10_06_37_188.jpg,C:\Users\malavika\Desktop\cardata\IMG\right_2019_12_20_10_06_37_188.jpg,0,0,0,0.001060633
C:\Users\malavika\Desktop\cardata\IMG\center_2019_12_20_10_06_37_288.jpg,C:\Users\malavika\Desktop\cardata\IMG\left_2019_12_20_10_06_37_288.jpg,C:\Users\malavika\Desktop\cardata\IMG\right_2019_12_20_10_06_37_288.jpg,0,0,0,0.001264043
C:\Users\malavika\Desktop\cardata\IMG\center_2019_12_20_10_06_37_385.jpg,C:\Users\malavika\Desktop\cardata\IMG\left_2019_12_20_10_06_37_385.jpg,C:\Users\malavika\Desktop\cardata\IMG\right_2019_12_20_10_06_37_385.jpg,0,0,0,0.0006794191
C:\Users\malavika\Desktop\cardata\IMG\center_2019_12_20_10_06_37_487.jpg,C:\Users\malavika\Desktop\cardata\IMG\left_2019_12_20_10_06_37_487.jpg,C:\Users\malavika\Desktop\cardata\IMG\right_2019_12_20_10_06_37_487.jpg,0,0,0,0.001314498
C:\Users\malavika\Desktop\cardata\IMG\center_2019_12_20_10_06_37_583.jpg,C:\Users\malavika\Desktop\cardata\IMG\left_2019_12_20_10_06_37_583.jpg,C:\Users\malavika\Desktop\cardata\IMG\right_2019_12_20_10_06_37_583.jpg,0,0,0,0.001197518
C:\Users\malavika\Desktop\cardata\IMG\center_2019_12_20_10_06_37_680.jpg,C:\Users\malavika\Desktop\cardata\IMG\left_2019_12_20_10_06_37_680.jpg,C:\Users\malavika\Desktop\cardata\IMG\right_2019_12_20_10_06_37_680.jpg,0,0,0,0.001051342
C:\Users\malavika\Desktop\cardata\IMG\center_2019_12_20_10_06_37_780.jpg,C:\Users\malavika\Desktop\cardata\IMG\left_2019_12_20_10_06_37_780.jpg,C:\Users\malavika\Desktop\cardata\IMG\right_2019_12_20_10_06_37_780.jpg,0,0,0,0.0009532229
C:\Users\malavika\Desktop\cardata\IMG\center_2019_12_20_10_06_37_878.jpg,C:\Users\malavika\Desktop\cardata\IMG\left_2019_12_20_10_06_37_878.jpg,C:\Users\malavika\Desktop\cardata\IMG\right_2019_12_20_10_06_37_878.jpg,0,0,0,0.001340124
C:\Users\malavika\Desktop\cardata\IMG\center_2019_12_20_10_06_37_969.jpg,C:\Users\malavika\Desktop\cardata\IMG\left_2019_12_20_10_06_37_969.jpg,C:\Users\malavika\Desktop\cardata\IMG\right_2019_12_20_10_06_37_969.jpg,0,0,0,0.0006595246
C:\Users\malavika\Desktop\cardata\IMG\center_2019_12_20_10_06_38_069.jpg,C:\Users\malavika\Desktop\cardata\IMG\left_2019_12_20_10_06_38_069.jpg,C:\Users\malavika\Desktop\cardata\IMG\right_2019_12_20_10_06_38_069.jpg,0,0,0,0.001065885
C:\Users\malavika\Desktop\cardata\IMG\center_2019_12_20_10_06_38_167.jpg,C:\Users\malavika\Desktop\cardata\IMG\left_2019_12_20_10_06_38_167.jpg,C:\Users\malavika\Desktop\cardata\IMG\right_2019_12_20_10_06_38_167.jpg,0,0,0,0.001047781
C:\Users\malavika\Desktop\cardata\IMG\center_2019_12_20_10_06_38_263.jpg,C:\Users\malavika\Desktop\cardata\IMG\left_2019_12_20_10_06_38_263.jpg,C:\Users\malavika\Desktop\cardata\IMG\right_2019_12_20_10_06_38_263.jpg,0,0,0,0.00108098
C:\Users\malavika\Desktop\cardata\IMG\center_2019_12_20_10_06_38_365.jpg,C:\Users\malavika\Desktop\cardata\IMG\left_2019_12_20_10_06_38_365.jpg,C:\Users\malavika\Desktop\cardata\IMG\right_2019_12_20_10_06_38_365.jpg,0,0,0,0.001107694
C:\Users\malavika\Desktop\cardata\IMG\center_2019_12_20_10_06_38_460.jpg,C:\Users\malavika\Desktop\cardata\IMG\left_2019_12_20_10_06_38_460.jpg,C:\Users\malavika\Desktop\cardata\IMG\right_2019_12_20_10_06_38_460.jpg,0,0,0,0.001039268
C:\Users\malavika\Desktop\cardata\IMG\center_2019_12_20_10_06_38_557.jpg,C:\Users\malavika\Desktop\cardata\IMG\left_2019_12_20_10_06_38_557.jpg,C:\Users\malavika\Desktop\cardata\IMG\right_2019_12_20_10_06_38_557.jpg,0,0,0,0.001110446
C:\Users\malavika\Desktop\cardata\IMG\center_2019_12_20_10_06_38_658.jpg,C:\Users\malavika\Desktop\cardata\IMG\left_2019_12_20_10_06_38_658.jpg,C:\Users\malavika\Desktop\cardata\IMG\right_2019_12_20_10_06_38_658.jpg,0,0,0,0.0009974014
C:\Users\malavika\Desktop\cardata\IMG\center_2019_12_20_10_06_38_758.jpg,C:\Users\malavika\Desktop\cardata\IMG\left_2019_12_20_10_06_38_758.jpg,C:\Users\malavika\Desktop\cardata\IMG\right_2019_12_20_10_06_38_758.jpg,0,0,0,0.0009892584
C:\Users\malavika\Desktop\cardata\IMG\center_2019_12_20_10_06_38_856.jpg,C:\Users\malavika\Desktop\cardata\IMG\left_2019_12_20_10_06_38_856.jpg,C:\Users\malavika\Desktop\cardata\IMG\right_2019_12_20_10_06_38_856.jpg,0,0,0,0.001085191
C:\Users\malavika\Desktop\cardata\IMG\center_2019_12_20_10_06_38_952.jpg,C:\Users\malavika\Desktop\cardata\IMG\left_2019_12_20_10_06_38_952.jpg,C:\Users\malavika\Desktop\cardata\IMG\right_2019_12_20_10_06_38_952.jpg,0,0,0,0.001012682
C:\Users\malavika\Desktop\cardata\IMG\center_2019_12_20_10_06_39_049.jpg,C:\Users\malavika\Desktop\cardata\IMG\left_2019_12_20_10_06_39_049.jpg,C:\Users\malavika\Desktop\cardata\IMG\right_2019_12_20_10_06_39_049.jpg,0,0,0,0.001301201
C:\Users\malavika\Desktop\cardata\IMG\center_2019_12_20_10_06_39_144.jpg,C:\Users\malavika\Desktop\cardata\IMG\left_2019_12_20_10_06_39_144.jpg,C:\Users\malavika\Desktop\cardata\IMG\right_2019_12_20_10_06_39_144.jpg,0,0,0,0.0006451019
C:\Users\malavika\Desktop\cardata\IMG\center_2019_12_20_10_06_39_244.jpg,C:\Users\malavika\Desktop\cardata\IMG\left_2019_12_20_10_06_39_244.jpg,C:\Users\malavika\Desktop\cardata\IMG\right_2019_12_20_10_06_39_244.jpg,0,0,0,0.0006560193
C:\Users\malavika\Desktop\cardata\IMG\center_2019_12_20_10_06_39_339.jpg,C:\Users\malavika\Desktop\cardata\IMG\left_2019_12_20_10_06_39_339.jpg,C:\Users\malavika\Desktop\cardata\IMG\right_2019_12_20_10_06_39_339.jpg,0,0,0,0.001085329
C:\Users\malavika\Desktop\cardata\IMG\center_2019_12_20_10_06_39_437.jpg,C:\Users\malavika\Desktop\cardata\IMG\left_2019_12_20_10_06_39_437.jpg,C:\Users\malavika\Desktop\cardata\IMG\right_2019_12_20_10_06_39_437.jpg,0,0,0,0.001008875
C:\Users\malavika\Desktop\cardata\IMG\center_2019_12_20_10_06_39_534.jpg,C:\Users\malavika\Desktop\cardata\IMG\left_2019_12_20_10_06_39_534.jpg,C:\Users\malavika\Desktop\cardata\IMG\right_2019_12_20_10_06_39_534.jpg,0,0,0,0.001083142
C:\Users\malavika\Desktop\cardata\IMG\center_2019_12_20_10_06_39_633.jpg,C:\Users\malavika\Desktop\cardata\IMG\left_2019_12_20_10_06_39_633.jpg,C:\Users\malavika\Desktop\cardata\IMG\right_2019_12_20_10_06_39_633.jpg,0,0,0,0.001075292
C:\Users\malavika\Desktop\cardata\IMG\center_2019_12_20_10_06_39_742.jpg,C:\Users\malavika\Desktop\cardata\IMG\left_2019_12_20_10_06_39_742.jpg,C:\Users\malavika\Desktop\cardata\IMG\right_2019_12_20_10_06_39_742.jpg,0,0,0,0.001123579
C:\Users\malavika\Desktop\cardata\IMG\center_2019_12_20_10_06_39_828.jpg,C:\Users\malavika\Desktop\cardata\IMG\left_2019_12_20_10_06_39_828.jpg,C:\Users\malavika\Desktop\cardata\IMG\right_2019_12_20_10_06_39_828.jpg,0,0,0,0.001116434
C:\Users\malavika\Desktop\cardata\IMG\center_2019_12_20_10_06_39_928.jpg,C:\Users\malavika\Desktop\cardata\IMG\left_2019_12_20_10_06_39_928.jpg,C:\Users\malavika\Desktop\cardata\IMG\right_2019_12_20_10_06_39_928.jpg,0,0,0,0.00115399
C:\Users\malavika\Desktop\cardata\IMG\center_2019_12_20_10_06_40_028.jpg,C:\Users\malavika\Desktop\cardata\IMG\left_2019_12_20_10_06_40_028.jpg,C:\Users\malavika\Desktop\cardata\IMG\right_2019_12_20_10_06_40_028.jpg,0,0,0,0.001000068
C:\Users\malavika\Desktop\cardata\IMG\center_2019_12_20_10_06_40_124.jpg,C:\Users\malavika\Desktop\cardata\IMG\left_2019_12_20_10_06_40_124.jpg,C:\Users\malavika\Desktop\cardata\IMG\right_2019_12_20_10_06_40_124.jpg,0,0,0,0.0009906412
C:\Users\malavika\Desktop\cardata\IMG\center_2019_12_20_10_06_40_215.jpg,C:\Users\malavika\Desktop\cardata\IMG\left_2019_12_20_10_06_40_215.jpg,C:\Users\malavika\Desktop\cardata\IMG\right_2019_12_20_10_06_40_215.jpg,0,0,0,0.0006840438
C:\Users\malavika\Desktop\cardata\IMG\center_2019_12_20_10_06_40_313.jpg,C:\Users\malavika\Desktop\cardata\IMG\left_2019_12_20_10_06_40_313.jpg,C:\Users\malavika\Desktop\cardata\IMG\right_2019_12_20_10_06_40_313.jpg,0,0,0,0.001091413
C:\Users\malavika\Desktop\cardata\IMG\center_2019_12_20_10_06_40_415.jpg,C:\Users\malavika\Desktop\cardata\IMG\left_2019_12_20_10_06_40_415.jpg,C:\Users\malavika\Desktop\cardata\IMG\right_2019_12_20_10_06_40_415.jpg,0,0,0,0.001063184
C:\Users\malavika\Desktop\cardata\IMG\center_2019_12_20_10_06_40_511.jpg,C:\Users\malavika\Desktop\cardata\IMG\left_2019_12_20_10_06_40_511.jpg,C:\Users\malavika\Desktop\cardata\IMG\right_2019_12_20_10_06_40_511.jpg,0,0,0,0.0006735317
C:\Users\malavika\Desktop\cardata\IMG\center_2019_12_20_10_06_40_608.jpg,C:\Users\malavika\Desktop\cardata\IMG\left_2019_12_20_10_06_40_608.jpg,C:\Users\malavika\Desktop\cardata\IMG\right_2019_12_20_10_06_40_608.jpg,0,0,0,0.0009912526
C:\Users\malavika\Desktop\cardata\IMG\center_2019_12_20_10_06_40_706.jpg,C:\Users\malavika\Desktop\cardata\IMG\left_2019_12_20_10_06_40_706.jpg,C:\Users\malavika\Desktop\cardata\IMG\right_2019_12_20_10_06_40_706.jpg,0,0,0,0.001081849
C:\Users\malavika\Desktop\cardata\IMG\center_2019_12_20_10_06_40_802.jpg,C:\Users\malavika\Desktop\cardata\IMG\left_2019_12_20_10_06_40_802.jpg,C:\Users\malavika\Desktop\cardata\IMG\right_2019_12_20_10_06_40_802.jpg,0,0,0,0.001118497
C:\Users\malavika\Desktop\cardata\IMG\center_2019_12_20_10_06_40_899.jpg,C:\Users\malavika\Desktop\cardata\IMG\left_2019_12_20_10_06_40_899.jpg,C:\Users\malavika\Desktop\cardata\IMG\right_2019_12_20_10_06_40_899.jpg,0,0,0,0.0009730289
C:\Users\malavika\Desktop\cardata\IMG\center_2019_12_20_10_06_41_007.jpg,C:\Users\malavika\Desktop\cardata\IMG\left_2019_12_20_10_06_41_007.jpg,C:\Users\malavika\Desktop\cardata\IMG\right_2019_12_20_10_06_41_007.jpg,0,0,0,0.001010125
C:\Users\malavika\Desktop\cardata\IMG\center_2019_12_20_10_06_41_088.jpg,C:\Users\malavika\Desktop\cardata\IMG\left_2019_12_20_10_06_41_088.jpg,C:\Users\malavika\Desktop\cardata\IMG\right_2019_12_20_10_06_41_088.jpg,0,0,0,0.0006314854
C:\Users\malavika\Desktop\cardata\IMG\center_2019_12_20_10_06_41_185.jpg,C:\Users\malavika\Desktop\cardata\IMG\left_2019_12_20_10_06_41_185.jpg,C:\Users\malavika\Desktop\cardata\IMG\right_2019_12_20_10_06_41_185.jpg,0,0,0,0.0007058476
C:\Users\malavika\Desktop\cardata\IMG\center_2019_12_20_10_06_41_283.jpg,C:\Users\malavika\Desktop\cardata\IMG\left_2019_12_20_10_06_41_283.jpg,C:\Users\malavika\Desktop\cardata\IMG\right_2019_12_20_10_06_41_283.jpg,0,0,0,0.001079915
C:\Users\malavika\Desktop\cardata\IMG\center_2019_12_20_10_06_41_379.jpg,C:\Users\malavika\Desktop\cardata\IMG\left_2019_12_20_10_06_41_379.jpg,C:\Users\malavika\Desktop\cardata\IMG\right_2019_12_20_10_06_41_379.jpg,0,0,0,0.001069815
C:\Users\malavika\Desktop\cardata\IMG\center_2019_12_20_10_06_41_478.jpg,C:\Users\malavika\Desktop\cardata\IMG\left_2019_12_20_10_06_41_478.jpg,C:\Users\malavika\Desktop\cardata\IMG\right_2019_12_20_10_06_41_478.jpg,0,0,0,0.001130157
C:\Users\malavika\Desktop\cardata\IMG\center_2019_12_20_10_06_41_575.jpg,C:\Users\malavika\Desktop\cardata\IMG\left_2019_12_20_10_06_41_575.jpg,C:\Users\malavika\Desktop\cardata\IMG\right_2019_12_20_10_06_41_575.jpg,0,0,0,0.0009901
C:\Users\malavika\Desktop\cardata\IMG\center_2019_12_20_10_06_41_672.jpg,C:\Users\malavika\Desktop\cardata\IMG\left_2019_12_20_10_06_41_672.jpg,C:\Users\malavika\Desktop\cardata\IMG\right_2019_12_20_10_06_41_672.jpg,0,0,0,0.001485732
C:\Users\malavika\Desktop\cardata\IMG\center_2019_12_20_10_06_41_766.jpg,C:\Users\malavika\Desktop\cardata\IMG\left_2019_12_20_10_06_41_766.jpg,C:\Users\malavika\Desktop\cardata\IMG\right_2019_12_20_10_06_41_766.jpg,0,0,0,0.0006713708
C:\Users\malavika\Desktop\cardata\IMG\center_2019_12_20_10_06_41_866.jpg,C:\Users\malavika\Desktop\cardata\IMG\left_2019_12_20_10_06_41_866.jpg,C:\Users\malavika\Desktop\cardata\IMG\right_2019_12_20_10_06_41_866.jpg,0,0,0,0.0006911494
C:\Users\malavika\Desktop\cardata\IMG\center_2019_12_20_10_06_41_976.jpg,C:\Users\malavika\Desktop\cardata\IMG\left_2019_12_20_10_06_41_976.jpg,C:\Users\malavika\Desktop\cardata\IMG\right_2019_12_20_10_06_41_976.jpg,0,0,0,0.0006558908
C:\Users\malavika\Desktop\cardata\IMG\center_2019_12_20_10_06_42_059.jpg,C:\Users\malavika\Desktop\cardata\IMG\left_2019_12_20_10_06_42_059.jpg,C:\Users\malavika\Desktop\cardata\IMG\right_2019_12_20_10_06_42_059.jpg,0,0,0,0.001097204
C:\Users\malavika\Desktop\cardata\IMG\center_2019_12_20_10_06_42_161.jpg,C:\Users\malavika\Desktop\cardata\IMG\left_2019_12_20_10_06_42_161.jpg,C:\Users\malavika\Desktop\cardata\IMG\right_2019_12_20_10_06_42_161.jpg,0,0,0,0.001194817
C:\Users\malavika\Desktop\cardata\IMG\center_2019_12_20_10_06_42_254.jpg,C:\Users\malavika\Desktop\cardata\IMG\left_2019_12_20_10_06_42_254.jpg,C:\Users\malavika\Desktop\cardata\IMG\right_2019_12_20_10_06_42_254.jpg,0,0,0,0.001018545
C:\Users\malavika\Desktop\cardata\IMG\center_2019_12_20_10_06_42_356.jpg,C:\Users\malavika\Desktop\cardata\IMG\left_2019_12_20_10_06_42_356.jpg,C:\Users\malavika\Desktop\cardata\IMG\right_2019_12_20_10_06_42_356.jpg,0,0,0,0.001123336
C:\Users\malavika\Desktop\cardata\IMG\center_2019_12_20_10_06_42_449.jpg,C:\Users\malavika\Desktop\cardata\IMG\left_2019_12_20_10_06_42_449.jpg,C:\Users\malavika\Desktop\cardata\IMG\right_2019_12_20_10_06_42_449.jpg,0,0,0,0.0006490362
C:\Users\malavika\Desktop\cardata\IMG\center_2019_12_20_10_06_42_547.jpg,C:\Users\malavika\Desktop\cardata\IMG\left_2019_12_20_10_06_42_547.jpg,C:\Users\malavika\Desktop\cardata\IMG\right_2019_12_20_10_06_42_547.jpg,0,0,0,0.0006650948
C:\Users\malavika\Desktop\cardata\IMG\center_2019_12_20_10_06_42_648.jpg,C:\Users\malavika\Desktop\cardata\IMG\left_2019_12_20_10_06_42_648.jpg,C:\Users\malavika\Desktop\cardata\IMG\right_2019_12_20_10_06_42_648.jpg,0,0,0,0.001062389
C:\Users\malavika\Desktop\cardata\IMG\center_2019_12_20_10_06_42_747.jpg,C:\Users\malavika\Desktop\cardata\IMG\left_2019_12_20_10_06_42_747.jpg,C:\Users\malavika\Desktop\cardata\IMG\right_2019_12_20_10_06_42_747.jpg,0,0,0,0.001087384
C:\Users\malavika\Desktop\cardata\IMG\center_2019_12_20_10_06_42_842.jpg,C:\Users\malavika\Desktop\cardata\IMG\left_2019_12_20_10_06_42_842.jpg,C:\Users\malavika\Desktop\cardata\IMG\right_2019_12_20_10_06_42_842.jpg,0,0,0,0.0009938081
C:\Users\malavika\Desktop\cardata\IMG\center_2019_12_20_10_06_42_936.jpg,C:\Users\malavika\Desktop\cardata\IMG\left_2019_12_20_10_06_42_936.jpg,C:\Users\malavika\Desktop\cardata\IMG\right_2019_12_20_10_06_42_936.jpg,0,0,0,0.001135026
C:\Users\malavika\Desktop\cardata\IMG\center_2019_12_20_10_06_43_038.jpg,C:\Users\malavika\Desktop\cardata\IMG\left_2019_12_20_10_06_43_038.jpg,C:\Users\malavika\Desktop\cardata\IMG\right_2019_12_20_10_06_43_038.jpg,0,0,0,0.001063353
C:\Users\malavika\Desktop\cardata\IMG\center_2019_12_20_10_06_43_132.jpg,C:\Users\malavika\Desktop\cardata\IMG\left_2019_12_20_10_06_43_132.jpg,C:\Users\malavika\Desktop\cardata\IMG\right_2019_12_20_10_06_43_132.jpg,0,0,0,0.0009273926
C:\Users\malavika\Desktop\cardata\IMG\center_2019_12_20_10_06_43_232.jpg,C:\Users\malavika\Desktop\cardata\IMG\left_2019_12_20_10_06_43_232.jpg,C:\Users\malavika\Desktop\cardata\IMG\right_2019_12_20_10_06_43_232.jpg,0,0,0,0.0006372058
C:\Users\malavika\Desktop\cardata\IMG\center_2019_12_20_10_06_43_328.jpg,C:\Users\malavika\Desktop\cardata\IMG\left_2019_12_20_10_06_43_328.jpg,C:\Users\malavika\Desktop\cardata\IMG\right_2019_12_20_10_06_43_328.jpg,0,0,0,0.0006550193
C:\Users\malavika\Desktop\cardata\IMG\center_2019_12_20_10_06_43_428.jpg,C:\Users\malavika\Desktop\cardata\IMG\left_2019_12_20_10_06_43_428.jpg,C:\Users\malavika\Desktop\cardata\IMG\right_2019_12_20_10_06_43_428.jpg,0,0,0,0.0006740715
C:\Users\malavika\Desktop\cardata\IMG\center_2019_12_20_10_06_43_524.jpg,C:\Users\malavika\Desktop\cardata\IMG\left_2019_12_20_10_06_43_524.jpg,C:\Users\malavika\Desktop\cardata\IMG\right_2019_12_20_10_06_43_524.jpg,0,0,0,0.0006633061
C:\Users\malavika\Desktop\cardata\IMG\center_2019_12_20_10_06_43_620.jpg,C:\Users\malavika\Desktop\cardata\IMG\left_2019_12_20_10_06_43_620.jpg,C:\Users\malavika\Desktop\cardata\IMG\right_2019_12_20_10_06_43_620.jpg,0,0,0,0.00103798
C:\Users\malavika\Desktop\cardata\IMG\center_2019_12_20_10_06_43_717.jpg,C:\Users\malavika\Desktop\cardata\IMG\left_2019_12_20_10_06_43_717.jpg,C:\Users\malavika\Desktop\cardata\IMG\right_2019_12_20_10_06_43_717.jpg,0,0,0,0.00111709
C:\Users\malavika\Desktop\cardata\IMG\center_2019_12_20_10_06_43_817.jpg,C:\Users\malavika\Desktop\cardata\IMG\left_2019_12_20_10_06_43_817.jpg,C:\Users\malavika\Desktop\cardata\IMG\right_2019_12_20_10_06_43_817.jpg,0,0,0,0.001034481
C:\Users\malavika\Desktop\cardata\IMG\center_2019_12_20_10_06_43_912.jpg,C:\Users\malavika\Desktop\cardata\IMG\left_2019_12_20_10_06_43_912.jpg,C:\Users\malavika\Desktop\cardata\IMG\right_2019_12_20_10_06_43_912.jpg,0,0,0,0.001125757
C:\Users\malavika\Desktop\cardata\IMG\center_2019_12_20_10_06_44_018.jpg,C:\Users\malavika\Desktop\cardata\IMG\left_2019_12_20_10_06_44_018.jpg,C:\Users\malavika\Desktop\cardata\IMG\right_2019_12_20_10_06_44_018.jpg,0,0,0,0.001128913
